DATE,GOLDAMGBD228NLBM
2000-01-04,282.050
2000-01-05,282.100
2000-01-06,280.350
2000-01-07,282.000
2000-01-10,281.700
2000-01-11,281.700
2000-01-12,282.250
2000-01-13,282.200
2000-01-14,284.150
2000-01-17,284.900
2000-01-18,286.850
2000-01-19,288.750
2000-01-20,288.350
2000-01-21,287.700
2000-01-24,287.450
2000-01-25,288.700
2000-01-26,284.900
2000-01-27,286.500
2000-01-28,286.150
2000-01-31,283.050
2000-02-01,283.650
2000-02-02,283.100
2000-02-03,285.250
2000-02-04,287.500
2000-02-07,316.600
2000-02-08,303.150
2000-02-09,306.000
2000-02-10,311.250
2000-02-11,316.500
2000-02-14,308.750
2000-02-15,307.000
2000-02-16,300.500
2000-02-17,306.250
2000-02-18,302.250
2000-02-21,305.750
2000-02-22,305.400
2000-02-23,305.250
2000-02-24,299.900
2000-02-25,297.150
2000-02-28,292.750
2000-02-29,294.000
2000-03-01,293.750
2000-03-02,289.000
2000-03-03,289.300
2000-03-06,289.250
2000-03-07,288.350
2000-03-08,292.750
2000-03-09,289.000
2000-03-10,292.100
2000-03-13,289.650
2000-03-14,290.300
2000-03-15,288.700
2000-03-16,288.400
2000-03-17,285.500
2000-03-20,284.850
2000-03-21,286.150
2000-03-22,289.400
2000-03-23,286.500
2000-03-24,284.900
2000-03-27,284.350
2000-03-28,280.300
2000-03-29,279.100
2000-03-30,276.700
2000-03-31,275.900
2000-04-03,278.800
2000-04-04,276.750
2000-04-05,283.100
2000-04-06,278.850
2000-04-07,279.950
2000-04-10,281.500
2000-04-11,281.200
2000-04-12,280.250
2000-04-13,281.400
2000-04-14,280.650
2000-04-17,283.500
2000-04-18,281.800
2000-04-19,281.400
2000-04-20,280.500
2000-04-21,.
2000-04-24,.
2000-04-25,280.000
2000-04-26,277.700
2000-04-27,276.100
2000-04-28,275.850
2000-05-01,.
2000-05-02,275.000
2000-05-03,277.600
2000-05-04,277.300
2000-05-05,280.500
2000-05-08,277.250
2000-05-09,276.900
2000-05-10,277.800
2000-05-11,277.000
2000-05-12,276.200
2000-05-15,275.650
2000-05-16,275.700
2000-05-17,274.850
2000-05-18,272.500
2000-05-19,273.750
2000-05-22,274.000
2000-05-23,275.150
2000-05-24,273.900
2000-05-25,273.000
2000-05-26,270.450
2000-05-29,.
2000-05-30,274.400
2000-05-31,272.250
2000-06-01,272.800
2000-06-02,272.950
2000-06-05,281.700
2000-06-06,284.800
2000-06-07,286.950
2000-06-08,285.100
2000-06-09,285.150
2000-06-12,284.100
2000-06-13,293.000
2000-06-14,286.050
2000-06-15,289.150
2000-06-16,290.300
2000-06-19,288.100
2000-06-20,286.400
2000-06-21,286.600
2000-06-22,286.100
2000-06-23,285.300
2000-06-26,283.000
2000-06-27,284.200
2000-06-28,286.350
2000-06-29,290.850
2000-06-30,289.150
2000-07-03,288.050
2000-07-04,287.800
2000-07-05,287.700
2000-07-06,285.400
2000-07-07,284.150
2000-07-10,284.250
2000-07-11,283.600
2000-07-12,282.850
2000-07-13,280.650
2000-07-14,280.650
2000-07-17,282.400
2000-07-18,282.650
2000-07-19,281.800
2000-07-20,277.900
2000-07-21,280.350
2000-07-24,280.050
2000-07-25,278.750
2000-07-26,280.150
2000-07-27,280.200
2000-07-28,278.450
2000-07-31,277.400
2000-08-01,277.300
2000-08-02,277.150
2000-08-03,276.650
2000-08-04,273.300
2000-08-07,273.500
2000-08-08,274.000
2000-08-09,272.300
2000-08-10,272.450
2000-08-11,273.150
2000-08-14,275.450
2000-08-15,274.700
2000-08-16,275.500
2000-08-17,277.150
2000-08-18,277.150
2000-08-21,276.400
2000-08-22,274.000
2000-08-23,272.450
2000-08-24,272.000
2000-08-25,273.350
2000-08-28,.
2000-08-29,274.000
2000-08-30,272.600
2000-08-31,274.950
2000-09-01,276.600
2000-09-04,277.000
2000-09-05,276.200
2000-09-06,275.300
2000-09-07,272.950
2000-09-08,274.100
2000-09-11,272.600
2000-09-12,272.800
2000-09-13,272.800
2000-09-14,272.800
2000-09-15,272.850
2000-09-18,272.450
2000-09-19,272.000
2000-09-20,271.100
2000-09-21,269.650
2000-09-22,272.350
2000-09-25,273.550
2000-09-26,274.050
2000-09-27,274.750
2000-09-28,277.200
2000-09-29,274.100
2000-10-02,274.300
2000-10-03,272.400
2000-10-04,271.300
2000-10-05,271.350
2000-10-06,270.800
2000-10-09,270.250
2000-10-10,269.750
2000-10-11,273.000
2000-10-12,270.800
2000-10-13,275.850
2000-10-16,272.050
2000-10-17,270.550
2000-10-18,271.300
2000-10-19,270.500
2000-10-20,271.500
2000-10-23,271.250
2000-10-24,270.400
2000-10-25,269.300
2000-10-26,266.750
2000-10-27,266.050
2000-10-30,265.650
2000-10-31,263.800
2000-11-01,266.000
2000-11-02,265.750
2000-11-03,266.450
2000-11-06,265.750
2000-11-07,264.100
2000-11-08,265.000
2000-11-09,264.300
2000-11-10,265.150
2000-11-13,264.300
2000-11-14,264.500
2000-11-15,265.250
2000-11-16,265.400
2000-11-17,266.500
2000-11-20,265.750
2000-11-21,267.250
2000-11-22,266.450
2000-11-23,265.900
2000-11-24,266.000
2000-11-27,266.200
2000-11-28,269.750
2000-11-29,269.000
2000-11-30,267.000
2000-12-01,271.200
2000-12-04,271.150
2000-12-05,271.850
2000-12-06,270.850
2000-12-07,275.100
2000-12-08,273.300
2000-12-11,272.500
2000-12-12,271.000
2000-12-13,269.950
2000-12-14,269.700
2000-12-15,270.300
2000-12-18,270.500
2000-12-19,269.450
2000-12-20,270.200
2000-12-21,273.000
2000-12-22,273.950
2000-12-25,.
2000-12-26,.
2000-12-27,274.700
2000-12-28,274.600
2000-12-29,272.650
2001-01-01,.
2001-01-02,272.800
2001-01-03,269.000
2001-01-04,268.750
2001-01-05,268.000
2001-01-08,268.600
2001-01-09,267.750
2001-01-10,266.700
2001-01-11,264.800
2001-01-12,263.650
2001-01-15,263.350
2001-01-16,264.500
2001-01-17,263.100
2001-01-18,264.100
2001-01-19,265.750
2001-01-22,266.100
2001-01-23,267.100
2001-01-24,265.700
2001-01-25,263.600
2001-01-26,264.500
2001-01-29,263.100
2001-01-30,263.400
2001-01-31,266.200
2001-02-01,266.850
2001-02-02,268.000
2001-02-05,266.250
2001-02-06,264.550
2001-02-07,262.900
2001-02-08,263.400
2001-02-09,260.500
2001-02-12,260.900
2001-02-13,261.500
2001-02-14,260.900
2001-02-15,259.500
2001-02-16,256.700
2001-02-19,258.950
2001-02-20,258.300
2001-02-21,257.300
2001-02-22,258.000
2001-02-23,259.950
2001-02-26,262.800
2001-02-27,268.100
2001-02-28,265.000
2001-03-01,266.700
2001-03-02,263.350
2001-03-05,261.850
2001-03-06,262.600
2001-03-07,261.550
2001-03-08,263.600
2001-03-09,268.750
2001-03-12,270.500
2001-03-13,269.400
2001-03-14,267.450
2001-03-15,262.700
2001-03-16,260.200
2001-03-19,260.500
2001-03-20,262.600
2001-03-21,261.200
2001-03-22,262.250
2001-03-23,262.300
2001-03-26,261.300
2001-03-27,262.750
2001-03-28,261.200
2001-03-29,260.200
2001-03-30,259.050
2001-04-02,257.550
2001-04-03,257.000
2001-04-04,259.200
2001-04-05,258.200
2001-04-06,258.100
2001-04-09,260.900
2001-04-10,257.050
2001-04-11,258.450
2001-04-12,259.400
2001-04-13,.
2001-04-16,.
2001-04-17,262.150
2001-04-18,260.100
2001-04-19,261.350
2001-04-20,264.200
2001-04-23,262.900
2001-04-24,263.650
2001-04-25,263.950
2001-04-26,262.200
2001-04-27,264.450
2001-04-30,263.450
2001-05-01,263.800
2001-05-02,265.000
2001-05-03,265.300
2001-05-04,265.800
2001-05-07,.
2001-05-08,265.600
2001-05-09,265.200
2001-05-10,269.400
2001-05-11,268.950
2001-05-14,267.700
2001-05-15,268.050
2001-05-16,269.100
2001-05-17,271.750
2001-05-18,272.100
2001-05-21,288.350
2001-05-22,282.750
2001-05-23,283.850
2001-05-24,283.450
2001-05-25,280.650
2001-05-28,.
2001-05-29,276.650
2001-05-30,273.650
2001-05-31,266.100
2001-06-01,265.650
2001-06-04,266.250
2001-06-05,266.150
2001-06-06,266.950
2001-06-07,266.250
2001-06-08,267.250
2001-06-11,272.750
2001-06-12,267.900
2001-06-13,271.800
2001-06-14,272.200
2001-06-15,274.350
2001-06-18,271.500
2001-06-19,273.950
2001-06-20,272.400
2001-06-21,272.650
2001-06-22,273.200
2001-06-25,273.100
2001-06-26,273.850
2001-06-27,276.000
2001-06-28,271.450
2001-06-29,269.900
2001-07-02,269.100
2001-07-03,268.600
2001-07-04,267.600
2001-07-05,267.550
2001-07-06,265.200
2001-07-09,266.850
2001-07-10,267.200
2001-07-11,266.550
2001-07-12,267.550
2001-07-13,266.400
2001-07-16,268.000
2001-07-17,266.850
2001-07-18,268.100
2001-07-19,271.550
2001-07-20,270.100
2001-07-23,269.250
2001-07-24,268.900
2001-07-25,269.250
2001-07-26,267.150
2001-07-27,265.850
2001-07-30,266.400
2001-07-31,265.550
2001-08-01,267.700
2001-08-02,268.300
2001-08-03,267.500
2001-08-06,267.900
2001-08-07,266.700
2001-08-08,266.500
2001-08-09,269.000
2001-08-10,273.350
2001-08-13,275.100
2001-08-14,274.100
2001-08-15,276.350
2001-08-16,275.100
2001-08-17,276.250
2001-08-20,277.750
2001-08-21,276.950
2001-08-22,277.250
2001-08-23,274.300
2001-08-24,275.150
2001-08-27,.
2001-08-28,271.600
2001-08-29,272.850
2001-08-30,273.400
2001-08-31,275.350
2001-09-03,273.550
2001-09-04,272.250
2001-09-05,271.700
2001-09-06,272.000
2001-09-07,273.150
2001-09-10,273.200
2001-09-11,271.400
2001-09-12,279.500
2001-09-13,278.500
2001-09-14,284.500
2001-09-17,291.000
2001-09-18,288.650
2001-09-19,289.350
2001-09-20,288.200
2001-09-21,291.300
2001-09-24,289.650
2001-09-25,287.950
2001-09-26,291.600
2001-09-27,291.250
2001-09-28,290.850
2001-10-01,291.650
2001-10-02,291.100
2001-10-03,289.950
2001-10-04,289.150
2001-10-05,291.600
2001-10-08,292.850
2001-10-09,291.100
2001-10-10,286.500
2001-10-11,282.350
2001-10-12,282.850
2001-10-15,283.750
2001-10-16,281.250
2001-10-17,281.650
2001-10-18,282.200
2001-10-19,278.700
2001-10-22,277.550
2001-10-23,274.900
2001-10-24,276.150
2001-10-25,275.350
2001-10-26,276.950
2001-10-29,277.700
2001-10-30,280.200
2001-10-31,280.950
2001-11-01,279.450
2001-11-02,280.200
2001-11-05,278.950
2001-11-06,278.900
2001-11-07,280.500
2001-11-08,280.200
2001-11-09,277.300
2001-11-12,277.700
2001-11-13,277.650
2001-11-14,277.550
2001-11-15,276.050
2001-11-16,275.500
2001-11-19,274.200
2001-11-20,273.750
2001-11-21,273.150
2001-11-22,273.200
2001-11-23,272.550
2001-11-26,273.050
2001-11-27,273.650
2001-11-28,274.600
2001-11-29,274.650
2001-11-30,274.700
2001-12-03,275.250
2001-12-04,276.550
2001-12-05,275.750
2001-12-06,274.100
2001-12-07,274.750
2001-12-10,273.350
2001-12-11,272.600
2001-12-12,273.250
2001-12-13,273.950
2001-12-14,274.850
2001-12-17,277.800
2001-12-18,278.850
2001-12-19,278.900
2001-12-20,276.250
2001-12-21,277.800
2001-12-24,277.700
2001-12-25,.
2001-12-26,.
2001-12-27,278.050
2001-12-28,277.600
2001-12-31,276.500
2002-01-01,.
2002-01-02,278.100
2002-01-03,278.650
2002-01-04,278.950
2002-01-07,279.650
2002-01-08,278.200
2002-01-09,279.350
2002-01-10,287.000
2002-01-11,286.600
2002-01-14,286.400
2002-01-15,283.850
2002-01-16,287.950
2002-01-17,285.150
2002-01-18,283.700
2002-01-21,282.650
2002-01-22,283.350
2002-01-23,281.600
2002-01-24,279.050
2002-01-25,279.000
2002-01-28,279.350
2002-01-29,277.800
2002-01-30,280.950
2002-01-31,281.500
2002-02-01,282.000
2002-02-04,285.800
2002-02-05,290.350
2002-02-06,297.450
2002-02-07,300.350
2002-02-08,305.100
2002-02-11,301.500
2002-02-12,298.900
2002-02-13,298.600
2002-02-14,298.100
2002-02-15,300.400
2002-02-18,298.500
2002-02-19,297.250
2002-02-20,294.200
2002-02-21,291.150
2002-02-22,293.350
2002-02-25,291.800
2002-02-26,293.000
2002-02-27,299.300
2002-02-28,296.550
2002-03-01,295.800
2002-03-04,299.550
2002-03-05,296.600
2002-03-06,294.350
2002-03-07,292.150
2002-03-08,289.300
2002-03-11,291.750
2002-03-12,292.000
2002-03-13,293.750
2002-03-14,292.700
2002-03-15,291.000
2002-03-18,291.000
2002-03-19,293.200
2002-03-20,292.700
2002-03-21,292.250
2002-03-22,293.650
2002-03-25,297.700
2002-03-26,297.100
2002-03-27,297.500
2002-03-28,303.000
2002-03-29,.
2002-04-01,.
2002-04-02,302.650
2002-04-03,304.950
2002-04-04,301.500
2002-04-05,300.800
2002-04-08,298.500
2002-04-09,299.300
2002-04-10,297.800
2002-04-11,301.800
2002-04-12,301.650
2002-04-15,301.800
2002-04-16,299.350
2002-04-17,300.150
2002-04-18,302.300
2002-04-19,303.700
2002-04-22,303.350
2002-04-23,303.250
2002-04-24,304.500
2002-04-25,305.100
2002-04-26,307.650
2002-04-29,310.650
2002-04-30,309.350
2002-05-01,308.300
2002-05-02,308.100
2002-05-03,308.850
2002-05-06,.
2002-05-07,312.650
2002-05-08,310.900
2002-05-09,308.750
2002-05-10,310.650
2002-05-13,311.600
2002-05-14,309.950
2002-05-15,307.500
2002-05-16,309.050
2002-05-17,310.650
2002-05-20,311.800
2002-05-21,315.100
2002-05-22,318.250
2002-05-23,316.250
2002-05-24,320.900
2002-05-27,320.800
2002-05-28,321.400
2002-05-29,325.200
2002-05-30,324.650
2002-05-31,327.250
2002-06-03,.
2002-06-04,.
2002-06-05,324.500
2002-06-06,322.900
2002-06-07,326.550
2002-06-10,323.100
2002-06-11,319.000
2002-06-12,319.550
2002-06-13,317.600
2002-06-14,319.700
2002-06-17,317.950
2002-06-18,318.050
2002-06-19,321.850
2002-06-20,320.850
2002-06-21,323.500
2002-06-24,326.350
2002-06-25,323.100
2002-06-26,324.600
2002-06-27,319.450
2002-06-28,319.050
2002-07-01,312.300
2002-07-02,312.900
2002-07-03,312.850
2002-07-04,310.900
2002-07-05,310.750
2002-07-08,313.000
2002-07-09,312.450
2002-07-10,315.950
2002-07-11,314.500
2002-07-12,316.500
2002-07-15,316.350
2002-07-16,320.350
2002-07-17,317.750
2002-07-18,316.600
2002-07-19,319.150
2002-07-22,324.000
2002-07-23,320.300
2002-07-24,313.600
2002-07-25,310.250
2002-07-26,308.600
2002-07-29,303.050
2002-07-30,304.450
2002-07-31,305.500
2002-08-01,300.650
2002-08-02,306.500
2002-08-05,307.600
2002-08-06,306.750
2002-08-07,307.800
2002-08-08,312.950
2002-08-09,309.600
2002-08-12,316.250
2002-08-13,314.700
2002-08-14,316.250
2002-08-15,312.700
2002-08-16,314.550
2002-08-19,313.050
2002-08-20,307.600
2002-08-21,308.350
2002-08-22,306.450
2002-08-23,305.800
2002-08-26,.
2002-08-27,309.400
2002-08-28,310.950
2002-08-29,310.650
2002-08-30,312.400
2002-09-02,312.250
2002-09-03,313.500
2002-09-04,312.700
2002-09-05,316.200
2002-09-06,317.900
2002-09-09,322.200
2002-09-10,318.350
2002-09-11,317.150
2002-09-12,318.000
2002-09-13,318.500
2002-09-16,316.550
2002-09-17,315.300
2002-09-18,317.600
2002-09-19,320.150
2002-09-20,321.550
2002-09-23,323.450
2002-09-24,323.300
2002-09-25,325.250
2002-09-26,322.350
2002-09-27,320.150
2002-09-30,322.400
2002-10-01,322.600
2002-10-02,320.400
2002-10-03,322.700
2002-10-04,321.650
2002-10-07,322.350
2002-10-08,320.700
2002-10-09,318.800
2002-10-10,319.500
2002-10-11,317.100
2002-10-14,318.000
2002-10-15,317.500
2002-10-16,314.000
2002-10-17,312.800
2002-10-18,312.450
2002-10-21,313.400
2002-10-22,311.650
2002-10-23,313.400
2002-10-24,311.100
2002-10-25,312.300
2002-10-28,313.300
2002-10-29,316.350
2002-10-30,316.800
2002-10-31,316.350
2002-11-01,318.750
2002-11-04,317.200
2002-11-05,318.900
2002-11-06,317.500
2002-11-07,319.700
2002-11-08,322.550
2002-11-11,321.100
2002-11-12,321.900
2002-11-13,323.200
2002-11-14,318.600
2002-11-15,318.500
2002-11-18,319.800
2002-11-19,319.800
2002-11-20,319.000
2002-11-21,318.400
2002-11-22,318.200
2002-11-25,319.500
2002-11-26,318.000
2002-11-27,318.200
2002-11-28,317.300
2002-11-29,318.250
2002-12-02,317.300
2002-12-03,317.700
2002-12-04,320.700
2002-12-05,322.100
2002-12-06,325.300
2002-12-09,325.300
2002-12-10,325.950
2002-12-11,323.750
2002-12-12,326.150
2002-12-13,333.500
2002-12-16,332.900
2002-12-17,341.000
2002-12-18,337.050
2002-12-19,345.750
2002-12-20,343.100
2002-12-23,343.900
2002-12-24,345.000
2002-12-25,.
2002-12-26,.
2002-12-27,348.300
2002-12-30,348.500
2002-12-31,342.750
2003-01-01,.
2003-01-02,342.200
2003-01-03,344.000
2003-01-06,356.100
2003-01-07,348.700
2003-01-08,346.750
2003-01-09,354.600
2003-01-10,353.150
2003-01-13,352.350
2003-01-14,353.750
2003-01-15,351.900
2003-01-16,350.850
2003-01-17,358.200
2003-01-20,355.800
2003-01-21,355.550
2003-01-22,359.250
2003-01-23,363.300
2003-01-24,364.100
2003-01-27,370.800
2003-01-28,366.450
2003-01-29,369.850
2003-01-30,363.000
2003-01-31,370.350
2003-02-03,369.000
2003-02-04,374.850
2003-02-05,385.000
2003-02-06,372.500
2003-02-07,370.550
2003-02-10,371.750
2003-02-11,362.150
2003-02-12,363.150
2003-02-13,354.250
2003-02-14,356.250
2003-02-17,346.550
2003-02-18,347.000
2003-02-19,347.200
2003-02-20,351.100
2003-02-21,354.000
2003-02-24,352.900
2003-02-25,359.100
2003-02-26,352.550
2003-02-27,354.000
2003-02-28,347.650
2003-03-03,348.450
2003-03-04,352.400
2003-03-05,354.500
2003-03-06,353.250
2003-03-07,356.600
2003-03-10,353.100
2003-03-11,353.150
2003-03-12,349.000
2003-03-13,342.900
2003-03-14,335.500
2003-03-17,340.500
2003-03-18,334.900
2003-03-19,339.000
2003-03-20,335.500
2003-03-21,332.550
2003-03-24,330.150
2003-03-25,333.000
2003-03-26,329.600
2003-03-27,333.150
2003-03-28,330.300
2003-03-31,335.350
2003-04-01,335.650
2003-04-02,330.250
2003-04-03,324.700
2003-04-04,323.200
2003-04-07,319.750
2003-04-08,322.300
2003-04-09,324.100
2003-04-10,325.100
2003-04-11,325.050
2003-04-14,325.600
2003-04-15,323.700
2003-04-16,323.850
2003-04-17,326.100
2003-04-18,.
2003-04-21,.
2003-04-22,333.250
2003-04-23,333.800
2003-04-24,332.000
2003-04-25,333.400
2003-04-28,333.750
2003-04-29,332.600
2003-04-30,336.000
2003-05-01,338.950
2003-05-02,341.250
2003-05-05,.
2003-05-06,342.650
2003-05-07,343.000
2003-05-08,341.400
2003-05-09,348.700
2003-05-12,350.350
2003-05-13,350.750
2003-05-14,348.900
2003-05-15,353.850
2003-05-16,352.550
2003-05-19,359.750
2003-05-20,368.000
2003-05-21,364.900
2003-05-22,369.600
2003-05-23,369.700
2003-05-26,.
2003-05-27,372.350
2003-05-28,364.550
2003-05-29,361.100
2003-05-30,365.800
2003-06-02,361.300
2003-06-03,365.300
2003-06-04,365.300
2003-06-05,362.600
2003-06-06,367.350
2003-06-09,362.800
2003-06-10,359.400
2003-06-11,354.150
2003-06-12,354.200
2003-06-13,353.950
2003-06-16,359.000
2003-06-17,359.750
2003-06-18,361.250
2003-06-19,356.450
2003-06-20,359.600
2003-06-23,356.050
2003-06-24,354.350
2003-06-25,347.850
2003-06-26,345.850
2003-06-27,343.500
2003-06-30,345.150
2003-07-01,348.550
2003-07-02,351.200
2003-07-03,349.600
2003-07-04,351.100
2003-07-07,350.250
2003-07-08,345.300
2003-07-09,345.450
2003-07-10,343.400
2003-07-11,344.200
2003-07-14,344.500
2003-07-15,348.500
2003-07-16,343.000
2003-07-17,344.600
2003-07-18,344.000
2003-07-21,347.800
2003-07-22,352.250
2003-07-23,352.200
2003-07-24,359.800
2003-07-25,361.100
2003-07-28,361.950
2003-07-29,364.000
2003-07-30,359.100
2003-07-31,355.750
2003-08-01,353.050
2003-08-04,348.950
2003-08-05,349.500
2003-08-06,352.650
2003-08-07,350.150
2003-08-08,353.500
2003-08-11,357.000
2003-08-12,360.000
2003-08-13,356.000
2003-08-14,362.250
2003-08-15,363.300
2003-08-18,361.300
2003-08-19,358.300
2003-08-20,362.200
2003-08-21,364.000
2003-08-22,360.750
2003-08-25,.
2003-08-26,360.750
2003-08-27,364.300
2003-08-28,370.900
2003-08-29,371.000
2003-09-01,376.350
2003-09-02,375.500
2003-09-03,372.200
2003-09-04,373.000
2003-09-05,371.000
2003-09-08,376.400
2003-09-09,378.200
2003-09-10,381.150
2003-09-11,379.050
2003-09-12,377.500
2003-09-15,375.300
2003-09-16,374.900
2003-09-17,372.900
2003-09-18,376.950
2003-09-19,376.300
2003-09-22,386.200
2003-09-23,386.450
2003-09-24,385.250
2003-09-25,391.850
2003-09-26,384.100
2003-09-29,379.850
2003-09-30,384.500
2003-10-01,385.000
2003-10-02,385.150
2003-10-03,383.950
2003-10-06,372.750
2003-10-07,376.200
2003-10-08,376.600
2003-10-09,376.450
2003-10-10,370.350
2003-10-13,370.800
2003-10-14,373.650
2003-10-15,374.500
2003-10-16,371.200
2003-10-17,371.800
2003-10-20,371.450
2003-10-21,374.800
2003-10-22,381.550
2003-10-23,386.750
2003-10-24,384.600
2003-10-27,386.750
2003-10-28,386.550
2003-10-29,382.700
2003-10-30,391.000
2003-10-31,384.600
2003-11-03,383.250
2003-11-04,378.300
2003-11-05,382.150
2003-11-06,381.900
2003-11-07,381.000
2003-11-10,382.850
2003-11-11,386.400
2003-11-12,388.050
2003-11-13,395.500
2003-11-14,395.350
2003-11-17,398.000
2003-11-18,392.400
2003-11-19,397.150
2003-11-20,395.750
2003-11-21,393.850
2003-11-24,394.250
2003-11-25,391.500
2003-11-26,392.000
2003-11-27,396.250
2003-11-28,398.100
2003-12-01,398.750
2003-12-02,401.050
2003-12-03,403.300
2003-12-04,402.400
2003-12-05,402.000
2003-12-08,408.750
2003-12-09,408.250
2003-12-10,407.300
2003-12-11,404.000
2003-12-12,406.600
2003-12-15,404.500
2003-12-16,409.700
2003-12-17,407.500
2003-12-18,410.750
2003-12-19,408.750
2003-12-22,410.800
2003-12-23,409.600
2003-12-24,410.800
2003-12-25,.
2003-12-26,.
2003-12-29,413.500
2003-12-30,415.600
2003-12-31,417.250
2004-01-01,.
2004-01-02,415.200
2004-01-05,417.750
2004-01-06,428.000
2004-01-07,420.650
2004-01-08,418.100
2004-01-09,422.800
2004-01-12,428.200
2004-01-13,424.500
2004-01-14,421.000
2004-01-15,415.500
2004-01-16,410.300
2004-01-19,407.100
2004-01-20,408.300
2004-01-21,411.250
2004-01-22,412.000
2004-01-23,411.400
2004-01-26,406.200
2004-01-27,404.000
2004-01-28,410.700
2004-01-29,410.150
2004-01-30,401.300
2004-02-02,401.850
2004-02-03,401.750
2004-02-04,399.600
2004-02-05,399.300
2004-02-06,396.400
2004-02-09,406.700
2004-02-10,408.350
2004-02-11,406.400
2004-02-12,411.400
2004-02-13,412.100
2004-02-16,410.700
2004-02-17,413.700
2004-02-18,415.900
2004-02-19,410.200
2004-02-20,408.250
2004-02-23,399.850
2004-02-24,401.450
2004-02-25,403.400
2004-02-26,395.050
2004-02-27,392.250
2004-03-01,398.500
2004-03-02,398.600
2004-03-03,390.350
2004-03-04,394.150
2004-03-05,393.500
2004-03-08,399.400
2004-03-09,401.200
2004-03-10,400.800
2004-03-11,397.400
2004-03-12,400.750
2004-03-15,399.000
2004-03-16,399.600
2004-03-17,402.000
2004-03-18,407.150
2004-03-19,411.000
2004-03-22,414.100
2004-03-23,415.200
2004-03-24,417.600
2004-03-25,416.600
2004-03-26,417.500
2004-03-29,420.900
2004-03-30,419.150
2004-03-31,423.000
2004-04-01,425.300
2004-04-02,426.100
2004-04-05,420.550
2004-04-06,416.950
2004-04-07,419.250
2004-04-08,422.000
2004-04-09,.
2004-04-12,.
2004-04-13,417.450
2004-04-14,405.750
2004-04-15,398.000
2004-04-16,399.750
2004-04-19,405.300
2004-04-20,398.800
2004-04-21,393.750
2004-04-22,391.350
2004-04-23,396.250
2004-04-26,396.500
2004-04-27,397.150
2004-04-28,396.750
2004-04-29,382.750
2004-04-30,387.300
2004-05-03,.
2004-05-04,389.750
2004-05-05,394.300
2004-05-06,392.000
2004-05-07,386.850
2004-05-10,374.100
2004-05-11,378.000
2004-05-12,381.150
2004-05-13,375.500
2004-05-14,373.500
2004-05-17,380.800
2004-05-18,379.000
2004-05-19,380.200
2004-05-20,380.450
2004-05-21,382.250
2004-05-24,383.850
2004-05-25,387.600
2004-05-26,390.500
2004-05-27,391.450
2004-05-28,393.850
2004-05-31,.
2004-06-01,395.850
2004-06-02,395.850
2004-06-03,391.400
2004-06-04,388.100
2004-06-07,393.450
2004-06-08,394.950
2004-06-09,389.300
2004-06-10,384.250
2004-06-11,384.550
2004-06-14,382.900
2004-06-15,382.300
2004-06-16,387.750
2004-06-17,386.000
2004-06-18,388.700
2004-06-21,393.850
2004-06-22,394.600
2004-06-23,395.250
2004-06-24,396.750
2004-06-25,401.150
2004-06-28,401.700
2004-06-29,396.750
2004-06-30,393.750
2004-07-01,394.500
2004-07-02,394.700
2004-07-05,398.400
2004-07-06,398.400
2004-07-07,397.350
2004-07-08,402.200
2004-07-09,406.600
2004-07-12,408.550
2004-07-13,404.250
2004-07-14,403.300
2004-07-15,403.900
2004-07-16,403.700
2004-07-19,406.950
2004-07-20,405.500
2004-07-21,401.100
2004-07-22,395.000
2004-07-23,392.850
2004-07-26,391.650
2004-07-27,392.250
2004-07-28,386.200
2004-07-29,388.750
2004-07-30,389.600
2004-08-02,393.250
2004-08-03,390.600
2004-08-04,392.700
2004-08-05,391.800
2004-08-06,392.250
2004-08-09,398.600
2004-08-10,399.050
2004-08-11,396.250
2004-08-12,396.250
2004-08-13,392.750
2004-08-16,399.300
2004-08-17,401.450
2004-08-18,403.200
2004-08-19,406.300
2004-08-20,405.800
2004-08-23,409.950
2004-08-24,406.900
2004-08-25,405.500
2004-08-26,405.950
2004-08-27,406.850
2004-08-30,.
2004-08-31,408.100
2004-09-01,408.000
2004-09-02,407.800
2004-09-03,405.800
2004-09-06,401.600
2004-09-07,401.800
2004-09-08,398.100
2004-09-09,399.250
2004-09-10,400.650
2004-09-13,400.750
2004-09-14,403.500
2004-09-15,404.800
2004-09-16,404.400
2004-09-17,404.600
2004-09-20,404.150
2004-09-21,405.450
2004-09-22,407.500
2004-09-23,408.050
2004-09-24,409.450
2004-09-27,409.000
2004-09-28,410.300
2004-09-29,411.550
2004-09-30,412.350
2004-10-01,418.150
2004-10-04,416.850
2004-10-05,414.250
2004-10-06,417.950
2004-10-07,417.900
2004-10-08,418.050
2004-10-11,421.750
2004-10-12,418.200
2004-10-13,412.450
2004-10-14,414.650
2004-10-15,417.800
2004-10-18,418.500
2004-10-19,416.250
2004-10-20,421.700
2004-10-21,425.500
2004-10-22,422.400
2004-10-25,429.000
2004-10-26,427.150
2004-10-27,425.850
2004-10-28,423.850
2004-10-29,426.200
2004-11-01,428.100
2004-11-02,425.100
2004-11-03,422.200
2004-11-04,426.300
2004-11-05,428.750
2004-11-08,432.950
2004-11-09,432.300
2004-11-10,435.100
2004-11-11,433.350
2004-11-12,436.900
2004-11-15,439.500
2004-11-16,437.950
2004-11-17,444.500
2004-11-18,444.300
2004-11-19,443.700
2004-11-22,447.000
2004-11-23,447.000
2004-11-24,448.650
2004-11-25,451.700
2004-11-26,451.550
2004-11-29,450.400
2004-11-30,452.000
2004-12-01,451.100
2004-12-02,454.350
2004-12-03,449.150
2004-12-06,455.750
2004-12-07,453.750
2004-12-08,445.750
2004-12-09,437.350
2004-12-10,433.900
2004-12-13,436.950
2004-12-14,438.600
2004-12-15,437.800
2004-12-16,441.250
2004-12-17,439.200
2004-12-20,441.750
2004-12-21,441.850
2004-12-22,442.700
2004-12-23,442.400
2004-12-24,442.200
2004-12-27,.
2004-12-28,.
2004-12-29,443.500
2004-12-30,435.150
2004-12-31,438.000
2005-01-03,.
2005-01-04,426.800
2005-01-05,425.500
2005-01-06,425.800
2005-01-07,423.150
2005-01-10,421.250
2005-01-11,422.550
2005-01-12,421.700
2005-01-13,424.650
2005-01-14,421.700
2005-01-17,422.850
2005-01-18,422.550
2005-01-19,424.100
2005-01-20,421.700
2005-01-21,423.300
2005-01-24,427.600
2005-01-25,426.200
2005-01-26,423.700
2005-01-27,426.300
2005-01-28,426.400
2005-01-31,423.800
2005-02-01,421.150
2005-02-02,421.900
2005-02-03,419.800
2005-02-04,416.500
2005-02-07,414.500
2005-02-08,411.500
2005-02-09,413.200
2005-02-10,413.500
2005-02-11,417.050
2005-02-14,422.800
2005-02-15,424.600
2005-02-16,424.150
2005-02-17,426.600
2005-02-18,426.550
2005-02-21,427.100
2005-02-22,430.750
2005-02-23,433.250
2005-02-24,434.750
2005-02-25,432.400
2005-02-28,436.550
2005-03-01,434.650
2005-03-02,429.150
2005-03-03,433.250
2005-03-04,429.650
2005-03-07,433.600
2005-03-08,434.850
2005-03-09,439.900
2005-03-10,440.200
2005-03-11,440.950
2005-03-14,442.750
2005-03-15,442.000
2005-03-16,441.200
2005-03-17,442.650
2005-03-18,436.650
2005-03-21,436.250
2005-03-22,430.650
2005-03-23,427.250
2005-03-24,424.900
2005-03-25,.
2005-03-28,.
2005-03-29,426.950
2005-03-30,426.500
2005-03-31,427.500
2005-04-01,427.450
2005-04-04,425.950
2005-04-05,423.700
2005-04-06,426.600
2005-04-07,426.400
2005-04-08,425.400
2005-04-11,428.100
2005-04-12,429.150
2005-04-13,428.850
2005-04-14,427.200
2005-04-15,423.650
2005-04-18,425.650
2005-04-19,426.900
2005-04-20,432.400
2005-04-21,433.400
2005-04-22,433.400
2005-04-25,433.000
2005-04-26,434.700
2005-04-27,434.100
2005-04-28,432.750
2005-04-29,433.200
2005-05-02,.
2005-05-03,429.200
2005-05-04,429.200
2005-05-05,430.500
2005-05-06,429.700
2005-05-09,425.800
2005-05-10,426.900
2005-05-11,428.350
2005-05-12,426.250
2005-05-13,421.450
2005-05-16,419.900
2005-05-17,420.350
2005-05-18,419.400
2005-05-19,421.750
2005-05-20,420.700
2005-05-23,417.600
2005-05-24,418.250
2005-05-25,418.500
2005-05-26,418.750
2005-05-27,418.600
2005-05-30,.
2005-05-31,416.900
2005-06-01,416.100
2005-06-02,417.200
2005-06-03,423.200
2005-06-06,424.800
2005-06-07,426.600
2005-06-08,424.900
2005-06-09,423.550
2005-06-10,422.750
2005-06-13,425.600
2005-06-14,426.950
2005-06-15,426.650
2005-06-16,431.300
2005-06-17,436.050
2005-06-20,440.500
2005-06-21,434.350
2005-06-22,437.500
2005-06-23,437.150
2005-06-24,442.950
2005-06-27,439.350
2005-06-28,437.500
2005-06-29,434.900
2005-06-30,436.800
2005-07-01,434.200
2005-07-04,427.600
2005-07-05,426.000
2005-07-06,423.850
2005-07-07,427.850
2005-07-08,423.750
2005-07-11,425.000
2005-07-12,426.950
2005-07-13,425.550
2005-07-14,422.500
2005-07-15,419.600
2005-07-18,421.600
2005-07-19,420.000
2005-07-20,420.650
2005-07-21,423.650
2005-07-22,426.350
2005-07-25,424.850
2005-07-26,424.500
2005-07-27,422.750
2005-07-28,425.300
2005-07-29,427.150
2005-08-01,431.350
2005-08-02,431.850
2005-08-03,433.600
2005-08-04,435.600
2005-08-05,437.500
2005-08-08,436.850
2005-08-09,434.700
2005-08-10,436.300
2005-08-11,437.800
2005-08-12,447.250
2005-08-15,442.600
2005-08-16,440.850
2005-08-17,444.250
2005-08-18,439.000
2005-08-19,439.250
2005-08-22,437.500
2005-08-23,439.850
2005-08-24,438.250
2005-08-25,439.000
2005-08-26,438.500
2005-08-29,.
2005-08-30,436.150
2005-08-31,433.000
2005-09-01,435.500
2005-09-02,446.300
2005-09-05,445.600
2005-09-06,443.500
2005-09-07,444.500
2005-09-08,444.800
2005-09-09,446.700
2005-09-12,449.150
2005-09-13,448.700
2005-09-14,447.850
2005-09-15,449.100
2005-09-16,458.100
2005-09-19,461.950
2005-09-20,470.000
2005-09-21,467.000
2005-09-22,472.750
2005-09-23,464.500
2005-09-26,461.050
2005-09-27,465.650
2005-09-28,462.000
2005-09-29,472.500
2005-09-30,473.400
2005-10-03,465.000
2005-10-04,467.500
2005-10-05,465.250
2005-10-06,466.300
2005-10-07,472.000
2005-10-10,477.500
2005-10-11,475.500
2005-10-12,478.500
2005-10-13,471.250
2005-10-14,470.700
2005-10-17,472.350
2005-10-18,473.000
2005-10-19,468.400
2005-10-20,464.000
2005-10-21,463.150
2005-10-24,463.750
2005-10-25,467.000
2005-10-26,471.550
2005-10-27,473.250
2005-10-28,473.650
2005-10-31,472.650
2005-11-01,465.550
2005-11-02,461.650
2005-11-03,464.800
2005-11-04,461.350
2005-11-07,457.600
2005-11-08,457.150
2005-11-09,462.600
2005-11-10,467.000
2005-11-11,465.900
2005-11-14,469.750
2005-11-15,467.550
2005-11-16,470.650
2005-11-17,480.750
2005-11-18,487.900
2005-11-21,488.000
2005-11-22,493.000
2005-11-23,488.850
2005-11-24,492.750
2005-11-25,495.700
2005-11-28,497.300
2005-11-29,497.100
2005-11-30,493.800
2005-12-01,494.400
2005-12-02,504.750
2005-12-05,505.000
2005-12-06,508.250
2005-12-07,512.300
2005-12-08,514.850
2005-12-09,524.750
2005-12-12,537.500
2005-12-13,522.800
2005-12-14,513.750
2005-12-15,502.400
2005-12-16,502.500
2005-12-19,507.450
2005-12-20,505.750
2005-12-21,494.500
2005-12-22,494.750
2005-12-23,503.600
2005-12-26,.
2005-12-27,.
2005-12-28,509.150
2005-12-29,517.000
2005-12-30,513.000
2006-01-02,.
2006-01-03,520.750
2006-01-04,534.350
2006-01-05,531.600
2006-01-06,529.500
2006-01-09,541.000
2006-01-10,545.250
2006-01-11,542.250
2006-01-12,547.500
2006-01-13,547.250
2006-01-16,559.400
2006-01-17,558.050
2006-01-18,544.750
2006-01-19,547.700
2006-01-20,559.250
2006-01-23,558.500
2006-01-24,556.650
2006-01-25,562.250
2006-01-26,562.250
2006-01-27,559.750
2006-01-30,560.300
2006-01-31,569.800
2006-02-01,567.200
2006-02-02,571.850
2006-02-03,571.850
2006-02-06,570.000
2006-02-07,568.250
2006-02-08,548.650
2006-02-09,559.000
2006-02-10,558.750
2006-02-13,546.600
2006-02-14,540.500
2006-02-15,544.300
2006-02-16,540.650
2006-02-17,545.750
2006-02-20,556.000
2006-02-21,553.400
2006-02-22,551.750
2006-02-23,552.500
2006-02-24,550.750
2006-02-27,556.100
2006-02-28,556.500
2006-03-01,562.600
2006-03-02,563.750
2006-03-03,568.600
2006-03-06,568.000
2006-03-07,555.250
2006-03-08,548.600
2006-03-09,547.250
2006-03-10,545.400
2006-03-13,545.250
2006-03-14,545.250
2006-03-15,551.250
2006-03-16,553.250
2006-03-17,555.500
2006-03-20,554.250
2006-03-21,553.000
2006-03-22,548.500
2006-03-23,548.000
2006-03-24,549.750
2006-03-27,564.000
2006-03-28,563.750
2006-03-29,562.250
2006-03-30,578.500
2006-03-31,584.000
2006-04-03,585.500
2006-04-04,585.000
2006-04-05,583.850
2006-04-06,595.500
2006-04-07,597.000
2006-04-10,597.500
2006-04-11,599.500
2006-04-12,596.750
2006-04-13,597.000
2006-04-14,.
2006-04-17,.
2006-04-18,616.750
2006-04-19,623.750
2006-04-20,644.500
2006-04-21,623.500
2006-04-24,634.000
2006-04-25,627.750
2006-04-26,630.750
2006-04-27,636.500
2006-04-28,638.250
2006-05-01,.
2006-05-02,657.750
2006-05-03,675.250
2006-05-04,664.650
2006-05-05,682.000
2006-05-08,682.000
2006-05-09,679.750
2006-05-10,704.300
2006-05-11,707.000
2006-05-12,725.750
2006-05-15,693.000
2006-05-16,681.000
2006-05-17,713.000
2006-05-18,688.000
2006-05-19,682.000
2006-05-22,645.500
2006-05-23,661.700
2006-05-24,667.500
2006-05-25,643.750
2006-05-26,652.000
2006-05-29,.
2006-05-30,652.250
2006-05-31,654.000
2006-06-01,633.250
2006-06-02,630.800
2006-06-05,644.500
2006-06-06,634.600
2006-06-07,623.500
2006-06-08,619.000
2006-06-09,612.250
2006-06-12,607.750
2006-06-13,590.750
2006-06-14,567.250
2006-06-15,574.250
2006-06-16,581.500
2006-06-19,569.750
2006-06-20,571.000
2006-06-21,576.500
2006-06-22,594.400
2006-06-23,582.600
2006-06-26,586.250
2006-06-27,587.700
2006-06-28,584.000
2006-06-29,581.750
2006-06-30,600.400
2006-07-03,619.500
2006-07-04,620.900
2006-07-05,625.750
2006-07-06,623.750
2006-07-07,631.000
2006-07-10,624.500
2006-07-11,628.350
2006-07-12,642.000
2006-07-13,648.800
2006-07-14,660.400
2006-07-17,671.500
2006-07-18,647.500
2006-07-19,626.000
2006-07-20,642.900
2006-07-21,626.750
2006-07-24,616.400
2006-07-25,618.750
2006-07-26,617.750
2006-07-27,634.200
2006-07-28,631.250
2006-07-31,637.000
2006-08-01,635.500
2006-08-02,648.250
2006-08-03,646.250
2006-08-04,644.500
2006-08-07,647.250
2006-08-08,645.400
2006-08-09,640.500
2006-08-10,650.500
2006-08-11,641.550
2006-08-14,628.000
2006-08-15,624.750
2006-08-16,626.000
2006-08-17,630.750
2006-08-18,614.750
2006-08-21,621.500
2006-08-22,626.500
2006-08-23,623.500
2006-08-24,623.500
2006-08-25,622.000
2006-08-28,.
2006-08-29,616.850
2006-08-30,614.700
2006-08-31,621.750
2006-09-01,624.000
2006-09-04,626.750
2006-09-05,629.750
2006-09-06,636.700
2006-09-07,634.000
2006-09-08,611.500
2006-09-11,597.100
2006-09-12,596.000
2006-09-13,581.500
2006-09-14,593.400
2006-09-15,578.600
2006-09-18,581.500
2006-09-19,582.500
2006-09-20,576.250
2006-09-21,580.500
2006-09-22,592.000
2006-09-25,589.500
2006-09-26,591.250
2006-09-27,595.100
2006-09-28,603.500
2006-09-29,601.750
2006-10-02,602.000
2006-10-03,593.000
2006-10-04,578.500
2006-10-05,568.250
2006-10-06,570.600
2006-10-09,578.250
2006-10-10,577.250
2006-10-11,574.000
2006-10-12,575.900
2006-10-13,577.900
2006-10-16,593.000
2006-10-17,594.900
2006-10-18,595.250
2006-10-19,589.750
2006-10-20,598.000
2006-10-23,588.500
2006-10-24,578.400
2006-10-25,581.600
2006-10-26,591.800
2006-10-27,593.750
2006-10-30,604.750
2006-10-31,600.900
2006-11-01,611.250
2006-11-02,615.750
2006-11-03,625.650
2006-11-06,625.750
2006-11-07,625.750
2006-11-08,625.500
2006-11-09,618.000
2006-11-10,632.250
2006-11-13,628.500
2006-11-14,623.400
2006-11-15,620.250
2006-11-16,624.500
2006-11-17,618.250
2006-11-20,624.000
2006-11-21,625.000
2006-11-22,627.750
2006-11-23,630.700
2006-11-24,636.000
2006-11-27,637.500
2006-11-28,637.750
2006-11-29,638.250
2006-11-30,638.400
2006-12-01,644.400
2006-12-04,644.800
2006-12-05,643.000
2006-12-06,636.750
2006-12-07,630.500
2006-12-08,630.900
2006-12-11,625.500
2006-12-12,629.500
2006-12-13,629.000
2006-12-14,628.750
2006-12-15,626.000
2006-12-18,617.500
2006-12-19,616.000
2006-12-20,623.400
2006-12-21,622.000
2006-12-22,619.750
2006-12-25,.
2006-12-26,.
2006-12-27,628.300
2006-12-28,629.000
2006-12-29,635.700
2007-01-01,.
2007-01-02,640.750
2007-01-03,636.750
2007-01-04,625.250
2007-01-05,626.000
2007-01-08,608.300
2007-01-09,612.000
2007-01-10,610.750
2007-01-11,613.500
2007-01-12,614.100
2007-01-15,628.250
2007-01-16,625.600
2007-01-17,623.250
2007-01-18,632.800
2007-01-19,629.000
2007-01-22,635.100
2007-01-23,637.500
2007-01-24,643.000
2007-01-25,648.750
2007-01-26,645.700
2007-01-29,643.400
2007-01-30,642.250
2007-01-31,645.750
2007-02-01,652.550
2007-02-02,654.750
2007-02-05,648.000
2007-02-06,653.900
2007-02-07,655.250
2007-02-08,650.550
2007-02-09,657.850
2007-02-12,663.350
2007-02-13,664.750
2007-02-14,668.250
2007-02-15,670.000
2007-02-16,665.250
2007-02-19,670.500
2007-02-20,668.600
2007-02-21,658.600
2007-02-22,676.400
2007-02-23,677.500
2007-02-26,684.500
2007-02-27,684.500
2007-02-28,677.000
2007-03-01,673.600
2007-03-02,664.000
2007-03-05,638.600
2007-03-06,644.600
2007-03-07,646.350
2007-03-08,653.750
2007-03-09,653.850
2007-03-12,652.500
2007-03-13,650.500
2007-03-14,640.750
2007-03-15,646.100
2007-03-16,650.650
2007-03-19,654.500
2007-03-20,654.400
2007-03-21,660.500
2007-03-22,664.000
2007-03-23,662.150
2007-03-26,659.650
2007-03-27,665.150
2007-03-28,665.600
2007-03-29,664.900
2007-03-30,663.500
2007-04-02,663.300
2007-04-03,663.500
2007-04-04,665.900
2007-04-05,672.600
2007-04-06,.
2007-04-09,.
2007-04-10,676.850
2007-04-11,679.100
2007-04-12,678.500
2007-04-13,677.000
2007-04-16,687.250
2007-04-17,688.000
2007-04-18,690.400
2007-04-19,687.250
2007-04-20,687.600
2007-04-23,691.000
2007-04-24,689.700
2007-04-25,686.200
2007-04-26,685.500
2007-04-27,672.500
2007-04-30,678.000
2007-05-01,677.500
2007-05-02,673.250
2007-05-03,675.900
2007-05-04,680.800
2007-05-07,.
2007-05-08,685.900
2007-05-09,686.500
2007-05-10,677.850
2007-05-11,667.850
2007-05-14,674.200
2007-05-15,667.000
2007-05-16,670.900
2007-05-17,663.200
2007-05-18,660.750
2007-05-21,662.400
2007-05-22,663.500
2007-05-23,659.200
2007-05-24,661.500
2007-05-25,655.000
2007-05-28,.
2007-05-29,657.600
2007-05-30,657.100
2007-05-31,656.600
2007-06-01,662.500
2007-06-04,670.750
2007-06-05,671.300
2007-06-06,669.800
2007-06-07,670.850
2007-06-08,656.750
2007-06-11,652.750
2007-06-12,652.800
2007-06-13,644.100
2007-06-14,650.750
2007-06-15,650.600
2007-06-18,658.000
2007-06-19,655.100
2007-06-20,659.600
2007-06-21,654.500
2007-06-22,652.000
2007-06-25,651.250
2007-06-26,649.550
2007-06-27,642.850
2007-06-28,645.700
2007-06-29,648.500
2007-07-02,650.500
2007-07-03,657.250
2007-07-04,654.000
2007-07-05,655.900
2007-07-06,647.750
2007-07-09,657.000
2007-07-10,661.150
2007-07-11,664.000
2007-07-12,663.000
2007-07-13,667.500
2007-07-16,667.250
2007-07-17,663.150
2007-07-18,667.750
2007-07-19,673.000
2007-07-20,676.000
2007-07-23,683.500
2007-07-24,682.750
2007-07-25,677.250
2007-07-26,675.400
2007-07-27,663.500
2007-07-30,661.500
2007-07-31,666.750
2007-08-01,660.250
2007-08-02,665.350
2007-08-03,666.350
2007-08-06,674.150
2007-08-07,669.250
2007-08-08,670.400
2007-08-09,670.850
2007-08-10,664.500
2007-08-13,669.850
2007-08-14,667.350
2007-08-15,665.000
2007-08-16,664.150
2007-08-17,653.000
2007-08-20,658.500
2007-08-21,655.500
2007-08-22,657.150
2007-08-23,662.250
2007-08-24,659.750
2007-08-27,.
2007-08-28,667.000
2007-08-29,664.750
2007-08-30,666.300
2007-08-31,668.000
2007-09-03,672.750
2007-09-04,673.500
2007-09-05,679.500
2007-09-06,683.500
2007-09-07,695.000
2007-09-10,704.000
2007-09-11,704.250
2007-09-12,711.750
2007-09-13,708.100
2007-09-14,706.750
2007-09-17,710.250
2007-09-18,717.700
2007-09-19,723.750
2007-09-20,727.750
2007-09-21,735.350
2007-09-24,733.250
2007-09-25,727.700
2007-09-26,730.550
2007-09-27,729.750
2007-09-28,737.750
2007-10-01,745.250
2007-10-02,735.750
2007-10-03,733.150
2007-10-04,726.750
2007-10-05,735.850
2007-10-08,736.500
2007-10-09,728.800
2007-10-10,740.500
2007-10-11,747.500
2007-10-12,748.500
2007-10-15,755.850
2007-10-16,761.750
2007-10-17,759.750
2007-10-18,758.350
2007-10-19,768.250
2007-10-22,755.600
2007-10-23,757.500
2007-10-24,757.350
2007-10-25,765.000
2007-10-26,775.600
2007-10-29,792.500
2007-10-30,784.000
2007-10-31,783.000
2007-11-01,792.000
2007-11-02,790.750
2007-11-05,802.500
2007-11-06,817.550
2007-11-07,841.750
2007-11-08,832.250
2007-11-09,836.000
2007-11-12,817.000
2007-11-13,803.400
2007-11-14,808.250
2007-11-15,806.000
2007-11-16,790.250
2007-11-19,788.500
2007-11-20,789.650
2007-11-21,796.250
2007-11-22,802.250
2007-11-23,810.500
2007-11-26,836.250
2007-11-27,823.250
2007-11-28,796.500
2007-11-29,807.250
2007-11-30,794.750
2007-12-03,783.750
2007-12-04,790.250
2007-12-05,801.750
2007-12-06,788.750
2007-12-07,799.750
2007-12-10,800.000
2007-12-11,806.750
2007-12-12,807.500
2007-12-13,809.000
2007-12-14,796.250
2007-12-17,787.000
2007-12-18,796.250
2007-12-19,801.500
2007-12-20,799.500
2007-12-21,803.000
2007-12-24,810.250
2007-12-25,.
2007-12-26,.
2007-12-27,822.500
2007-12-28,828.500
2007-12-31,836.500
2008-01-01,.
2008-01-02,840.750
2008-01-03,865.350
2008-01-04,858.750
2008-01-07,857.500
2008-01-08,873.250
2008-01-09,887.850
2008-01-10,874.250
2008-01-11,893.750
2008-01-14,911.500
2008-01-15,904.750
2008-01-16,881.000
2008-01-17,881.500
2008-01-18,872.750
2008-01-21,874.250
2008-01-22,862.000
2008-01-23,887.800
2008-01-24,891.500
2008-01-25,921.250
2008-01-28,916.500
2008-01-29,927.500
2008-01-30,923.750
2008-01-31,923.750
2008-02-01,933.000
2008-02-04,899.500
2008-02-05,889.750
2008-02-06,892.000
2008-02-07,908.250
2008-02-08,914.000
2008-02-11,925.500
2008-02-12,920.250
2008-02-13,905.750
2008-02-14,910.850
2008-02-15,909.750
2008-02-18,905.000
2008-02-19,916.500
2008-02-20,924.850
2008-02-21,943.000
2008-02-22,945.750
2008-02-25,947.500
2008-02-26,934.000
2008-02-27,958.750
2008-02-28,957.000
2008-02-29,969.000
2008-03-03,978.250
2008-03-04,981.750
2008-03-05,966.250
2008-03-06,986.250
2008-03-07,978.500
2008-03-10,973.150
2008-03-11,980.500
2008-03-12,975.750
2008-03-13,988.250
2008-03-14,997.000
2008-03-17,1023.500
2008-03-18,1005.750
2008-03-19,995.250
2008-03-20,913.500
2008-03-21,.
2008-03-24,.
2008-03-25,930.650
2008-03-26,945.750
2008-03-27,948.250
2008-03-28,944.500
2008-03-31,937.250
2008-04-01,897.000
2008-04-02,893.500
2008-04-03,898.250
2008-04-04,905.250
2008-04-07,914.700
2008-04-08,921.000
2008-04-09,906.750
2008-04-10,934.250
2008-04-11,925.500
2008-04-14,917.750
2008-04-15,931.750
2008-04-16,932.750
2008-04-17,951.500
2008-04-18,942.250
2008-04-21,915.750
2008-04-22,920.750
2008-04-23,916.250
2008-04-24,900.750
2008-04-25,883.500
2008-04-28,892.250
2008-04-29,886.000
2008-04-30,867.750
2008-05-01,863.500
2008-05-02,854.250
2008-05-05,.
2008-05-06,878.000
2008-05-07,874.000
2008-05-08,872.250
2008-05-09,887.250
2008-05-12,882.500
2008-05-13,877.000
2008-05-14,863.000
2008-05-15,866.250
2008-05-16,885.000
2008-05-19,908.750
2008-05-20,907.000
2008-05-21,925.000
2008-05-22,928.250
2008-05-23,922.250
2008-05-26,.
2008-05-27,923.750
2008-05-28,892.000
2008-05-29,893.000
2008-05-30,879.500
2008-06-02,891.250
2008-06-03,895.500
2008-06-04,877.250
2008-06-05,873.000
2008-06-06,883.500
2008-06-09,904.250
2008-06-10,884.500
2008-06-11,874.250
2008-06-12,871.250
2008-06-13,864.000
2008-06-16,872.000
2008-06-17,883.000
2008-06-18,884.000
2008-06-19,893.250
2008-06-20,900.000
2008-06-23,905.250
2008-06-24,888.500
2008-06-25,887.250
2008-06-26,892.500
2008-06-27,923.000
2008-06-30,932.750
2008-07-01,929.500
2008-07-02,936.000
2008-07-03,939.750
2008-07-04,930.750
2008-07-07,921.000
2008-07-08,929.250
2008-07-09,923.250
2008-07-10,930.750
2008-07-11,949.000
2008-07-14,957.750
2008-07-15,981.750
2008-07-16,974.000
2008-07-17,964.500
2008-07-18,961.500
2008-07-21,966.250
2008-07-22,973.000
2008-07-23,934.750
2008-07-24,927.750
2008-07-25,932.250
2008-07-28,929.250
2008-07-29,928.750
2008-07-30,914.100
2008-07-31,912.000
2008-08-01,909.500
2008-08-04,910.000
2008-08-05,884.000
2008-08-06,884.750
2008-08-07,882.500
2008-08-08,864.500
2008-08-11,863.750
2008-08-12,808.750
2008-08-13,824.000
2008-08-14,833.250
2008-08-15,784.750
2008-08-18,797.500
2008-08-19,791.000
2008-08-20,806.750
2008-08-21,821.000
2008-08-22,830.000
2008-08-25,.
2008-08-26,809.750
2008-08-27,833.500
2008-08-28,832.000
2008-08-29,836.500
2008-09-01,832.000
2008-09-02,802.500
2008-09-03,794.500
2008-09-04,810.500
2008-09-05,796.250
2008-09-08,806.500
2008-09-09,799.750
2008-09-10,774.250
2008-09-11,742.750
2008-09-12,757.500
2008-09-15,779.250
2008-09-16,779.750
2008-09-17,785.500
2008-09-18,864.250
2008-09-19,837.500
2008-09-22,873.000
2008-09-23,892.500
2008-09-24,888.500
2008-09-25,889.000
2008-09-26,869.000
2008-09-29,876.500
2008-09-30,897.000
2008-10-01,876.000
2008-10-02,866.250
2008-10-03,842.500
2008-10-06,836.500
2008-10-07,881.750
2008-10-08,913.000
2008-10-09,886.750
2008-10-10,918.000
2008-10-13,865.000
2008-10-14,849.500
2008-10-15,848.500
2008-10-16,834.500
2008-10-17,801.000
2008-10-20,803.000
2008-10-21,781.000
2008-10-22,757.500
2008-10-23,726.000
2008-10-24,692.500
2008-10-27,720.500
2008-10-28,745.000
2008-10-29,749.250
2008-10-30,772.250
2008-10-31,728.500
2008-11-03,734.000
2008-11-04,734.000
2008-11-05,753.250
2008-11-06,739.000
2008-11-07,742.000
2008-11-10,751.750
2008-11-11,741.750
2008-11-12,731.500
2008-11-13,714.000
2008-11-14,729.500
2008-11-17,745.000
2008-11-18,736.500
2008-11-19,737.750
2008-11-20,745.250
2008-11-21,758.500
2008-11-24,816.750
2008-11-25,802.500
2008-11-26,817.000
2008-11-27,813.500
2008-11-28,813.500
2008-12-01,795.500
2008-12-02,772.500
2008-12-03,773.500
2008-12-04,772.750
2008-12-05,771.750
2008-12-08,772.250
2008-12-09,771.000
2008-12-10,785.750
2008-12-11,821.000
2008-12-12,813.750
2008-12-15,827.500
2008-12-16,833.500
2008-12-17,853.750
2008-12-18,872.500
2008-12-19,839.000
2008-12-22,846.000
2008-12-23,844.000
2008-12-24,836.750
2008-12-25,.
2008-12-26,.
2008-12-29,881.000
2008-12-30,870.000
2008-12-31,865.000
2009-01-01,.
2009-01-02,869.750
2009-01-05,860.000
2009-01-06,844.000
2009-01-07,864.000
2009-01-08,842.500
2009-01-09,854.000
2009-01-12,848.500
2009-01-13,815.500
2009-01-14,827.250
2009-01-15,813.000
2009-01-16,824.250
2009-01-19,842.500
2009-01-20,835.000
2009-01-21,860.500
2009-01-22,847.750
2009-01-23,873.000
2009-01-26,906.500
2009-01-27,896.000
2009-01-28,891.250
2009-01-29,878.500
2009-01-30,918.500
2009-02-02,913.750
2009-02-03,902.000
2009-02-04,902.250
2009-02-05,914.750
2009-02-06,914.000
2009-02-09,901.000
2009-02-10,896.000
2009-02-11,922.000
2009-02-12,944.000
2009-02-13,939.250
2009-02-16,943.000
2009-02-17,962.250
2009-02-18,964.750
2009-02-19,973.500
2009-02-20,981.000
2009-02-23,987.000
2009-02-24,989.750
2009-02-25,956.250
2009-02-26,945.000
2009-02-27,943.750
2009-03-02,949.500
2009-03-03,924.750
2009-03-04,911.000
2009-03-05,913.250
2009-03-06,937.750
2009-03-09,934.750
2009-03-10,911.500
2009-03-11,900.000
2009-03-12,914.500
2009-03-13,920.000
2009-03-16,923.000
2009-03-17,920.000
2009-03-18,910.750
2009-03-19,937.250
2009-03-20,957.000
2009-03-23,952.750
2009-03-24,928.750
2009-03-25,921.250
2009-03-26,935.500
2009-03-27,927.000
2009-03-30,923.000
2009-03-31,918.500
2009-04-01,919.500
2009-04-02,914.750
2009-04-03,901.500
2009-04-06,879.500
2009-04-07,879.250
2009-04-08,887.250
2009-04-09,883.750
2009-04-10,.
2009-04-13,.
2009-04-14,895.000
2009-04-15,892.250
2009-04-16,889.000
2009-04-17,872.000
2009-04-20,870.000
2009-04-21,888.750
2009-04-22,885.000
2009-04-23,894.500
2009-04-24,909.000
2009-04-27,911.750
2009-04-28,897.000
2009-04-29,894.500
2009-04-30,889.000
2009-05-01,881.500
2009-05-04,.
2009-05-05,903.000
2009-05-06,903.500
2009-05-07,912.750
2009-05-08,917.500
2009-05-11,912.500
2009-05-12,920.000
2009-05-13,925.750
2009-05-14,923.250
2009-05-15,925.000
2009-05-18,929.750
2009-05-19,921.500
2009-05-20,928.500
2009-05-21,940.000
2009-05-22,952.500
2009-05-25,.
2009-05-26,942.000
2009-05-27,949.500
2009-05-28,949.750
2009-05-29,972.000
2009-06-01,987.000
2009-06-02,973.500
2009-06-03,979.000
2009-06-04,967.250
2009-06-05,977.750
2009-06-08,946.500
2009-06-09,952.500
2009-06-10,961.250
2009-06-11,953.000
2009-06-12,950.000
2009-06-15,932.000
2009-06-16,936.750
2009-06-17,933.750
2009-06-18,936.750
2009-06-19,933.750
2009-06-22,924.000
2009-06-23,920.250
2009-06-24,928.750
2009-06-25,934.250
2009-06-26,943.000
2009-06-29,939.750
2009-06-30,941.000
2009-07-01,931.500
2009-07-02,936.000
2009-07-03,932.500
2009-07-06,921.500
2009-07-07,925.750
2009-07-08,920.750
2009-07-09,914.750
2009-07-10,910.000
2009-07-13,908.500
2009-07-14,921.750
2009-07-15,930.000
2009-07-16,935.250
2009-07-17,934.500
2009-07-20,952.250
2009-07-21,947.750
2009-07-22,945.500
2009-07-23,955.250
2009-07-24,949.750
2009-07-27,956.000
2009-07-28,955.000
2009-07-29,935.500
2009-07-30,932.000
2009-07-31,936.500
2009-08-03,954.250
2009-08-04,953.500
2009-08-05,964.500
2009-08-06,960.750
2009-08-07,960.500
2009-08-10,953.500
2009-08-11,946.000
2009-08-12,943.500
2009-08-13,956.000
2009-08-14,957.500
2009-08-17,937.500
2009-08-18,938.250
2009-08-19,934.250
2009-08-20,943.500
2009-08-21,941.500
2009-08-24,953.750
2009-08-25,947.500
2009-08-26,949.500
2009-08-27,943.500
2009-08-28,950.750
2009-08-31,.
2009-09-01,949.750
2009-09-02,955.000
2009-09-03,982.500
2009-09-04,987.250
2009-09-07,992.750
2009-09-08,1004.500
2009-09-09,995.750
2009-09-10,988.500
2009-09-11,998.250
2009-09-14,994.250
2009-09-15,997.500
2009-09-16,1017.000
2009-09-17,1020.500
2009-09-18,1014.000
2009-09-21,999.250
2009-09-22,1015.750
2009-09-23,1014.750
2009-09-24,1014.000
2009-09-25,997.000
2009-09-28,990.500
2009-09-29,991.750
2009-09-30,1001.250
2009-10-01,1005.750
2009-10-02,998.000
2009-10-05,1004.250
2009-10-06,1020.250
2009-10-07,1047.000
2009-10-08,1054.750
2009-10-09,1046.750
2009-10-12,1052.000
2009-10-13,1064.500
2009-10-14,1066.000
2009-10-15,1052.500
2009-10-16,1047.750
2009-10-19,1054.500
2009-10-20,1064.000
2009-10-21,1053.500
2009-10-22,1054.750
2009-10-23,1061.250
2009-10-26,1055.000
2009-10-27,1040.750
2009-10-28,1035.500
2009-10-29,1034.000
2009-10-30,1044.500
2009-11-02,1052.000
2009-11-03,1058.000
2009-11-04,1091.750
2009-11-05,1088.000
2009-11-06,1095.000
2009-11-09,1108.500
2009-11-10,1099.750
2009-11-11,1114.750
2009-11-12,1116.000
2009-11-13,1107.500
2009-11-16,1128.750
2009-11-17,1131.750
2009-11-18,1146.000
2009-11-19,1136.000
2009-11-20,1142.500
2009-11-23,1166.000
2009-11-24,1170.250
2009-11-25,1176.500
2009-11-26,1183.000
2009-11-27,1164.500
2009-11-30,1172.000
2009-12-01,1193.500
2009-12-02,1211.500
2009-12-03,1218.250
2009-12-04,1203.250
2009-12-07,1147.500
2009-12-08,1164.250
2009-12-09,1142.250
2009-12-10,1125.750
2009-12-11,1140.000
2009-12-14,1120.000
2009-12-15,1115.000
2009-12-16,1134.000
2009-12-17,1121.500
2009-12-18,1106.500
2009-12-21,1113.250
2009-12-22,1094.250
2009-12-23,1080.500
2009-12-24,1104.500
2009-12-25,.
2009-12-28,.
2009-12-29,1103.000
2009-12-30,1092.500
2009-12-31,1104.000
2010-01-01,.
2010-01-04,1113.000
2010-01-05,1125.250
2010-01-06,1125.000
2010-01-07,1130.750
2010-01-08,1121.750
2010-01-11,1158.000
2010-01-12,1152.750
2010-01-13,1132.750
2010-01-14,1137.500
2010-01-15,1132.000
2010-01-18,1135.750
2010-01-19,1134.000
2010-01-20,1129.000
2010-01-21,1104.000
2010-01-22,1096.500
2010-01-25,1103.500
2010-01-26,1090.750
2010-01-27,1094.750
2010-01-28,1091.750
2010-01-29,1082.750
2010-02-01,1082.000
2010-02-02,1114.000
2010-02-03,1118.500
2010-02-04,1102.500
2010-02-05,1052.250
2010-02-08,1070.000
2010-02-09,1068.000
2010-02-10,1075.500
2010-02-11,1079.500
2010-02-12,1078.250
2010-02-15,1099.500
2010-02-16,1115.250
2010-02-17,1118.250
2010-02-18,1105.500
2010-02-19,1107.000
2010-02-22,1119.750
2010-02-23,1112.000
2010-02-24,1093.000
2010-02-25,1092.750
2010-02-26,1112.500
2010-03-01,1117.250
2010-03-02,1116.000
2010-03-03,1136.250
2010-03-04,1136.250
2010-03-05,1135.000
2010-03-08,1134.000
2010-03-09,1120.000
2010-03-10,1124.500
2010-03-11,1106.000
2010-03-12,1118.750
2010-03-15,1104.000
2010-03-16,1113.250
2010-03-17,1131.250
2010-03-18,1122.750
2010-03-19,1121.500
2010-03-22,1104.250
2010-03-23,1100.750
2010-03-24,1094.000
2010-03-25,1093.500
2010-03-26,1098.000
2010-03-29,1111.250
2010-03-30,1109.750
2010-03-31,1109.500
2010-04-01,1116.000
2010-04-02,.
2010-04-05,.
2010-04-06,1124.000
2010-04-07,1133.250
2010-04-08,1146.500
2010-04-09,1156.000
2010-04-12,1163.500
2010-04-13,1149.250
2010-04-14,1159.000
2010-04-15,1151.250
2010-04-16,1157.000
2010-04-19,1127.500
2010-04-20,1142.500
2010-04-21,1143.750
2010-04-22,1144.250
2010-04-23,1140.000
2010-04-26,1154.000
2010-04-27,1152.250
2010-04-28,1164.250
2010-04-29,1170.000
2010-04-30,1175.250
2010-05-03,.
2010-05-04,1184.250
2010-05-05,1172.000
2010-05-06,1178.000
2010-05-07,1199.600
2010-05-10,1188.250
2010-05-11,1209.000
2010-05-12,1241.250
2010-05-13,1235.000
2010-05-14,1238.750
2010-05-17,1230.250
2010-05-18,1215.000
2010-05-19,1209.500
2010-05-20,1187.250
2010-05-21,1183.500
2010-05-24,1183.750
2010-05-25,1189.500
2010-05-26,1212.500
2010-05-27,1210.750
2010-05-28,1214.000
2010-05-31,.
2010-06-01,1219.750
2010-06-02,1221.000
2010-06-03,1219.750
2010-06-04,1203.500
2010-06-07,1212.400
2010-06-08,1248.000
2010-06-09,1235.000
2010-06-10,1220.000
2010-06-11,1220.500
2010-06-14,1229.500
2010-06-15,1223.000
2010-06-16,1235.500
2010-06-17,1234.500
2010-06-18,1244.000
2010-06-21,1259.500
2010-06-22,1235.250
2010-06-23,1243.000
2010-06-24,1233.250
2010-06-25,1242.500
2010-06-28,1256.000
2010-06-29,1236.000
2010-06-30,1240.500
2010-07-01,1240.000
2010-07-02,1210.500
2010-07-05,1208.500
2010-07-06,1210.750
2010-07-07,1186.000
2010-07-08,1201.250
2010-07-09,1196.250
2010-07-12,1203.750
2010-07-13,1206.500
2010-07-14,1212.250
2010-07-15,1211.750
2010-07-16,1204.750
2010-07-19,1190.250
2010-07-20,1181.500
2010-07-21,1191.250
2010-07-22,1187.000
2010-07-23,1198.750
2010-07-26,1189.000
2010-07-27,1184.000
2010-07-28,1164.000
2010-07-29,1166.000
2010-07-30,1168.000
2010-08-02,1178.000
2010-08-03,1184.000
2010-08-04,1194.500
2010-08-05,1195.500
2010-08-06,1194.500
2010-08-09,1206.000
2010-08-10,1196.750
2010-08-11,1198.000
2010-08-12,1200.000
2010-08-13,1215.000
2010-08-16,1222.000
2010-08-17,1226.250
2010-08-18,1223.000
2010-08-19,1228.000
2010-08-20,1230.500
2010-08-23,1227.000
2010-08-24,1218.000
2010-08-25,1237.500
2010-08-26,1240.250
2010-08-27,1234.500
2010-08-30,.
2010-08-31,1233.500
2010-09-01,1250.000
2010-09-02,1247.750
2010-09-03,1252.000
2010-09-06,1249.500
2010-09-07,1247.250
2010-09-08,1258.000
2010-09-09,1253.500
2010-09-10,1248.750
2010-09-13,1243.000
2010-09-14,1253.250
2010-09-15,1270.400
2010-09-16,1271.250
2010-09-17,1281.500
2010-09-20,1280.250
2010-09-21,1278.750
2010-09-22,1291.750
2010-09-23,1291.500
2010-09-24,1298.000
2010-09-27,1298.250
2010-09-28,1289.000
2010-09-29,1307.500
2010-09-30,1311.000
2010-10-01,1313.000
2010-10-04,1316.000
2010-10-05,1325.750
2010-10-06,1347.000
2010-10-07,1359.500
2010-10-08,1330.500
2010-10-11,1348.500
2010-10-12,1343.500
2010-10-13,1358.500
2010-10-14,1380.750
2010-10-15,1377.250
2010-10-18,1359.750
2010-10-19,1367.750
2010-10-20,1340.500
2010-10-21,1345.250
2010-10-22,1319.000
2010-10-25,1345.000
2010-10-26,1334.000
2010-10-27,1332.250
2010-10-28,1326.500
2010-10-29,1336.750
2010-11-01,1361.500
2010-11-02,1358.000
2010-11-03,1358.500
2010-11-04,1361.000
2010-11-05,1384.250
2010-11-08,1390.000
2010-11-09,1416.250
2010-11-10,1402.000
2010-11-11,1413.000
2010-11-12,1387.000
2010-11-15,1367.000
2010-11-16,1363.250
2010-11-17,1336.500
2010-11-18,1356.750
2010-11-19,1357.500
2010-11-22,1357.500
2010-11-23,1361.000
2010-11-24,1376.250
2010-11-25,1370.500
2010-11-26,1366.500
2010-11-29,1360.000
2010-11-30,1375.000
2010-12-01,1391.500
2010-12-02,1390.000
2010-12-03,1391.750
2010-12-06,1411.500
2010-12-07,1426.000
2010-12-08,1395.000
2010-12-09,1382.000
2010-12-10,1390.000
2010-12-13,1388.250
2010-12-14,1405.000
2010-12-15,1388.250
2010-12-16,1384.000
2010-12-17,1374.750
2010-12-20,1381.000
2010-12-21,1386.000
2010-12-22,1389.000
2010-12-23,1384.000
2010-12-24,1380.500
2010-12-27,.
2010-12-28,.
2010-12-29,1403.500
2010-12-30,1411.500
2010-12-31,1410.250
2011-01-03,.
2011-01-04,1405.500
2011-01-05,1382.750
2011-01-06,1376.000
2011-01-07,1358.000
2011-01-10,1368.250
2011-01-11,1381.000
2011-01-12,1383.500
2011-01-13,1380.750
2011-01-14,1369.250
2011-01-17,1357.500
2011-01-18,1368.750
2011-01-19,1373.750
2011-01-20,1364.500
2011-01-21,1344.000
2011-01-24,1347.500
2011-01-25,1326.000
2011-01-26,1335.500
2011-01-27,1337.500
2011-01-28,1316.000
2011-01-31,1333.500
2011-02-01,1337.500
2011-02-02,1337.000
2011-02-03,1332.500
2011-02-04,1347.500
2011-02-07,1347.000
2011-02-08,1354.000
2011-02-09,1362.500
2011-02-10,1358.750
2011-02-11,1359.000
2011-02-14,1356.750
2011-02-15,1372.250
2011-02-16,1374.500
2011-02-17,1377.000
2011-02-18,1385.500
2011-02-21,1399.500
2011-02-22,1394.500
2011-02-23,1401.250
2011-02-24,1414.500
2011-02-25,1405.000
2011-02-28,1409.750
2011-03-01,1414.500
2011-03-02,1430.500
2011-03-03,1430.500
2011-03-04,1418.000
2011-03-07,1437.000
2011-03-08,1435.000
2011-03-09,1431.500
2011-03-10,1424.250
2011-03-11,1409.750
2011-03-14,1424.500
2011-03-15,1407.000
2011-03-16,1398.500
2011-03-17,1403.500
2011-03-18,1415.500
2011-03-21,1427.750
2011-03-22,1425.500
2011-03-23,1433.000
2011-03-24,1441.250
2011-03-25,1434.000
2011-03-28,1420.000
2011-03-29,1414.000
2011-03-30,1419.000
2011-03-31,1431.000
2011-04-01,1434.500
2011-04-04,1432.500
2011-04-05,1434.500
2011-04-06,1457.000
2011-04-07,1456.500
2011-04-08,1470.500
2011-04-11,1469.500
2011-04-12,1461.250
2011-04-13,1458.000
2011-04-14,1457.500
2011-04-15,1472.500
2011-04-18,1484.500
2011-04-19,1495.000
2011-04-20,1505.000
2011-04-21,1507.000
2011-04-22,.
2011-04-25,.
2011-04-26,1505.000
2011-04-27,1508.000
2011-04-28,1531.000
2011-04-29,.
2011-05-02,.
2011-05-03,1546.500
2011-05-04,1536.000
2011-05-05,1514.500
2011-05-06,1487.750
2011-05-09,1505.000
2011-05-10,1517.250
2011-05-11,1524.500
2011-05-12,1488.250
2011-05-13,1511.000
2011-05-16,1495.000
2011-05-17,1495.500
2011-05-18,1491.250
2011-05-19,1488.750
2011-05-20,1502.750
2011-05-23,1508.500
2011-05-24,1520.750
2011-05-25,1527.000
2011-05-26,1521.500
2011-05-27,1525.000
2011-05-30,.
2011-05-31,1537.000
2011-06-01,1532.250
2011-06-02,1540.750
2011-06-03,1531.000
2011-06-06,1542.750
2011-06-07,1548.400
2011-06-08,1535.500
2011-06-09,1534.000
2011-06-10,1541.000
2011-06-13,1524.700
2011-06-14,1519.000
2011-06-15,1517.750
2011-06-16,1525.000
2011-06-17,1526.250
2011-06-20,1537.000
2011-06-21,1543.000
2011-06-22,1546.000
2011-06-23,1541.500
2011-06-24,1521.000
2011-06-27,1501.000
2011-06-28,1502.500
2011-06-29,1506.000
2011-06-30,1508.000
2011-07-01,1492.750
2011-07-04,1495.250
2011-07-05,1498.750
2011-07-06,1515.800
2011-07-07,1526.250
2011-07-08,1526.000
2011-07-11,1543.500
2011-07-12,1544.500
2011-07-13,1571.500
2011-07-14,1592.500
2011-07-15,1578.500
2011-07-18,1598.250
2011-07-19,1602.000
2011-07-20,1584.250
2011-07-21,1600.500
2011-07-22,1588.000
2011-07-25,1618.500
2011-07-26,1610.000
2011-07-27,1621.000
2011-07-28,1617.500
2011-07-29,1613.750
2011-08-01,1613.500
2011-08-02,1624.000
2011-08-03,1667.500
2011-08-04,1664.250
2011-08-05,1665.000
2011-08-08,1709.750
2011-08-09,1770.000
2011-08-10,1753.750
2011-08-11,1786.000
2011-08-12,1755.000
2011-08-15,1738.000
2011-08-16,1779.000
2011-08-17,1792.000
2011-08-18,1794.500
2011-08-19,1862.000
2011-08-22,1877.750
2011-08-23,1886.500
2011-08-24,1850.000
2011-08-25,1716.500
2011-08-26,1787.000
2011-08-29,.
2011-08-30,1791.000
2011-08-31,1826.000
2011-09-01,1815.500
2011-09-02,1854.000
2011-09-05,1896.500
2011-09-06,1891.000
2011-09-07,1844.000
2011-09-08,1827.000
2011-09-09,1879.500
2011-09-12,1843.000
2011-09-13,1806.000
2011-09-14,1829.000
2011-09-15,1806.000
2011-09-16,1778.000
2011-09-19,1817.000
2011-09-20,1792.000
2011-09-21,1810.250
2011-09-22,1765.500
2011-09-23,1730.000
2011-09-26,1615.000
2011-09-27,1671.000
2011-09-28,1655.000
2011-09-29,1620.000
2011-09-30,1629.000
2011-10-03,1660.000
2011-10-04,1672.000
2011-10-05,1600.000
2011-10-06,1649.500
2011-10-07,1651.000
2011-10-10,1664.000
2011-10-11,1662.000
2011-10-12,1687.000
2011-10-13,1673.000
2011-10-14,1676.000
2011-10-17,1689.000
2011-10-18,1658.000
2011-10-19,1651.000
2011-10-20,1629.000
2011-10-21,1623.000
2011-10-24,1651.000
2011-10-25,1656.250
2011-10-26,1713.000
2011-10-27,1708.000
2011-10-28,1735.000
2011-10-31,1718.000
2011-11-01,1702.000
2011-11-02,1731.000
2011-11-03,1732.500
2011-11-04,1756.000
2011-11-07,1764.000
2011-11-08,1794.000
2011-11-09,1780.000
2011-11-10,1766.000
2011-11-11,1764.000
2011-11-14,1780.500
2011-11-15,1765.000
2011-11-16,1773.000
2011-11-17,1756.000
2011-11-18,1730.000
2011-11-21,1704.000
2011-11-22,1697.500
2011-11-23,1686.000
2011-11-24,1699.000
2011-11-25,1676.000
2011-11-28,1714.000
2011-11-29,1717.000
2011-11-30,1704.000
2011-12-01,1750.000
2011-12-02,1751.000
2011-12-05,1744.000
2011-12-06,1720.000
2011-12-07,1731.000
2011-12-08,1739.000
2011-12-09,1712.000
2011-12-12,1680.000
2011-12-13,1665.000
2011-12-14,1635.000
2011-12-15,1590.000
2011-12-16,1589.500
2011-12-19,1593.000
2011-12-20,1605.000
2011-12-21,1637.500
2011-12-22,1609.000
2011-12-23,1607.500
2011-12-26,.
2011-12-27,.
2011-12-28,1584.000
2011-12-29,1537.500
2011-12-30,1574.500
2012-01-02,.
2012-01-03,1590.000
2012-01-04,1603.000
2012-01-05,1614.500
2012-01-06,1621.000
2012-01-09,1618.000
2012-01-10,1627.000
2012-01-11,1641.000
2012-01-12,1652.500
2012-01-13,1642.000
2012-01-16,1643.500
2012-01-17,1662.000
2012-01-18,1657.000
2012-01-19,1664.000
2012-01-20,1646.000
2012-01-23,1675.000
2012-01-24,1669.000
2012-01-25,1659.000
2012-01-26,1713.000
2012-01-27,1722.000
2012-01-30,1720.500
2012-01-31,1738.000
2012-02-01,1744.000
2012-02-02,1747.500
2012-02-03,1759.500
2012-02-06,1717.000
2012-02-07,1720.000
2012-02-08,1743.000
2012-02-09,1733.000
2012-02-10,1715.500
2012-02-13,1727.000
2012-02-14,1721.000
2012-02-15,1725.500
2012-02-16,1716.000
2012-02-17,1732.000
2012-02-20,1729.500
2012-02-21,1737.000
2012-02-22,1754.750
2012-02-23,1776.500
2012-02-24,1778.500
2012-02-27,1765.000
2012-02-28,1774.750
2012-02-29,1788.000
2012-03-01,1721.000
2012-03-02,1714.500
2012-03-05,1698.000
2012-03-06,1685.500
2012-03-07,1682.500
2012-03-08,1701.500
2012-03-09,1699.500
2012-03-12,1705.250
2012-03-13,1694.750
2012-03-14,1662.000
2012-03-15,1646.750
2012-03-16,1649.000
2012-03-19,1654.000
2012-03-20,1648.500
2012-03-21,1656.000
2012-03-22,1636.000
2012-03-23,1651.000
2012-03-26,1658.000
2012-03-27,1694.000
2012-03-28,1677.000
2012-03-29,1655.750
2012-03-30,1660.750
2012-04-02,1664.000
2012-04-03,1674.750
2012-04-04,1631.750
2012-04-05,1622.500
2012-04-06,.
2012-04-09,.
2012-04-10,1643.750
2012-04-11,1654.000
2012-04-12,1655.500
2012-04-13,1670.500
2012-04-16,1648.250
2012-04-17,1652.000
2012-04-18,1646.500
2012-04-19,1642.000
2012-04-20,1640.000
2012-04-23,1632.000
2012-04-24,1638.750
2012-04-25,1641.250
2012-04-26,1648.250
2012-04-27,1654.000
2012-04-30,1662.500
2012-05-01,1661.250
2012-05-02,1652.500
2012-05-03,1642.500
2012-05-04,1629.500
2012-05-07,.
2012-05-08,1627.000
2012-05-09,1585.500
2012-05-10,1590.000
2012-05-11,1580.750
2012-05-14,1563.000
2012-05-15,1559.000
2012-05-16,1537.500
2012-05-17,1547.000
2012-05-18,1588.000
2012-05-21,1590.250
2012-05-22,1575.750
2012-05-23,1555.000
2012-05-24,1558.500
2012-05-25,1560.500
2012-05-28,1579.000
2012-05-29,1573.750
2012-05-30,1548.750
2012-05-31,1567.500
2012-06-01,1552.500
2012-06-04,.
2012-06-05,.
2012-06-06,1633.250
2012-06-07,1620.750
2012-06-08,1576.000
2012-06-11,1593.000
2012-06-12,1589.250
2012-06-13,1612.750
2012-06-14,1619.000
2012-06-15,1622.250
2012-06-18,1623.500
2012-06-19,1628.500
2012-06-20,1618.750
2012-06-21,1600.000
2012-06-22,1570.500
2012-06-25,1569.000
2012-06-26,1583.250
2012-06-27,1567.500
2012-06-28,1567.750
2012-06-29,1569.500
2012-07-02,1596.250
2012-07-03,1608.500
2012-07-04,1617.000
2012-07-05,1616.750
2012-07-06,1591.750
2012-07-09,1581.000
2012-07-10,1594.500
2012-07-11,1576.500
2012-07-12,1565.500
2012-07-13,1579.000
2012-07-16,1584.000
2012-07-17,1595.000
2012-07-18,1579.500
2012-07-19,1580.000
2012-07-20,1583.000
2012-07-23,1571.500
2012-07-24,1573.000
2012-07-25,1587.500
2012-07-26,1603.000
2012-07-27,1618.750
2012-07-30,1616.500
2012-07-31,1622.750
2012-08-01,1614.750
2012-08-02,1604.500
2012-08-03,1595.000
2012-08-06,1606.750
2012-08-07,1613.000
2012-08-08,1607.000
2012-08-09,1612.750
2012-08-10,1608.500
2012-08-13,1622.250
2012-08-14,1614.500
2012-08-15,1594.750
2012-08-16,1603.500
2012-08-17,1616.500
2012-08-20,1615.250
2012-08-21,1624.000
2012-08-22,1640.500
2012-08-23,1662.500
2012-08-24,1666.500
2012-08-27,.
2012-08-28,1663.500
2012-08-29,1664.250
2012-08-30,1657.000
2012-08-31,1657.750
2012-09-03,1686.000
2012-09-04,1691.500
2012-09-05,1689.500
2012-09-06,1708.500
2012-09-07,1696.000
2012-09-10,1732.750
2012-09-11,1731.000
2012-09-12,1742.750
2012-09-13,1730.500
2012-09-14,1772.500
2012-09-17,1767.250
2012-09-18,1756.750
2012-09-19,1774.500
2012-09-20,1760.000
2012-09-21,1773.750
2012-09-24,1758.500
2012-09-25,1766.750
2012-09-26,1763.750
2012-09-27,1755.250
2012-09-28,1781.000
2012-10-01,1770.500
2012-10-02,1778.500
2012-10-03,1777.250
2012-10-04,1786.500
2012-10-05,1790.000
2012-10-08,1769.000
2012-10-09,1770.750
2012-10-10,1763.000
2012-10-11,1767.250
2012-10-12,1767.000
2012-10-15,1747.250
2012-10-16,1737.500
2012-10-17,1747.750
2012-10-18,1748.000
2012-10-19,1732.750
2012-10-22,1725.000
2012-10-23,1717.000
2012-10-24,1708.500
2012-10-25,1715.000
2012-10-26,1704.000
2012-10-29,1712.000
2012-10-30,1713.500
2012-10-31,1718.000
2012-11-01,1723.250
2012-11-02,1708.250
2012-11-05,1679.000
2012-11-06,1691.750
2012-11-07,1730.500
2012-11-08,1715.000
2012-11-09,1732.750
2012-11-12,1735.750
2012-11-13,1724.750
2012-11-14,1724.500
2012-11-15,1723.500
2012-11-16,1710.000
2012-11-19,1723.250
2012-11-20,1734.000
2012-11-21,1726.750
2012-11-22,1729.750
2012-11-23,1734.750
2012-11-26,1747.250
2012-11-27,1747.250
2012-11-28,1741.000
2012-11-29,1724.500
2012-11-30,1728.250
2012-12-03,1718.000
2012-12-04,1706.750
2012-12-05,1703.000
2012-12-06,1693.000
2012-12-07,1697.000
2012-12-10,1708.500
2012-12-11,1709.750
2012-12-12,1712.500
2012-12-13,1694.750
2012-12-14,1696.500
2012-12-17,1690.000
2012-12-18,1699.500
2012-12-19,1674.500
2012-12-20,1667.000
2012-12-21,1648.250
2012-12-24,1662.500
2012-12-25,.
2012-12-26,.
2012-12-27,1655.250
2012-12-28,1658.750
2012-12-31,1664.000
