DATE,DEXSZUS
2000-10-02,1.7322
2000-10-03,1.7365
2000-10-04,1.7395
2000-10-05,1.7491
2000-10-06,1.7515
2000-10-09,.
2000-10-10,1.7515
2000-10-11,1.7328
2000-10-12,1.7415
2000-10-13,1.7595
2000-10-16,1.7790
2000-10-17,1.7773
2000-10-18,1.7875
2000-10-19,1.7875
2000-10-20,1.7885
2000-10-23,1.7985
2000-10-24,1.8005
2000-10-25,1.8165
2000-10-26,1.8250
2000-10-27,1.8065
2000-10-30,1.8068
2000-10-31,1.7978
2000-11-01,1.7765
2000-11-02,1.7799
2000-11-03,1.7667
2000-11-06,1.7725
2000-11-07,1.7728
2000-11-08,1.7775
2000-11-09,1.7739
2000-11-10,1.7657
2000-11-13,1.7637
2000-11-14,1.7723
2000-11-15,1.7815
2000-11-16,1.7883
2000-11-17,1.7915
2000-11-20,1.8000
2000-11-21,1.7995
2000-11-22,1.8050
2000-11-23,.
2000-11-24,1.8085
2000-11-27,1.7803
2000-11-28,1.7633
2000-11-29,1.7595
2000-11-30,1.7365
2000-12-01,1.7285
2000-12-04,1.7060
2000-12-05,1.7153
2000-12-06,1.7078
2000-12-07,1.7015
2000-12-08,1.7063
2000-12-11,1.7150
2000-12-12,1.7144
2000-12-13,1.7175
2000-12-14,1.6990
2000-12-15,1.6795
2000-12-18,1.6845
2000-12-19,1.6940
2000-12-20,1.6765
2000-12-21,1.6722
2000-12-22,1.6485
2000-12-25,.
2000-12-26,1.6342
2000-12-27,1.6435
2000-12-28,1.6450
2000-12-29,1.6202
2001-01-01,.
2001-01-02,1.6075
2001-01-03,1.6025
2001-01-04,1.6115
2001-01-05,1.6025
2001-01-08,1.6076
2001-01-09,1.6210
2001-01-10,1.6255
2001-01-11,1.6123
2001-01-12,1.6232
2001-01-15,.
2001-01-16,1.6390
2001-01-17,1.6520
2001-01-18,1.6195
2001-01-19,1.6334
2001-01-22,1.6370
2001-01-23,1.6330
2001-01-24,1.6547
2001-01-25,1.6558
2001-01-26,1.6582
2001-01-29,1.6560
2001-01-30,1.6455
2001-01-31,1.6425
2001-02-01,1.6330
2001-02-02,1.6425
2001-02-05,1.6355
2001-02-06,1.6538
2001-02-07,1.6475
2001-02-08,1.6707
2001-02-09,1.6560
2001-02-12,1.6557
2001-02-13,1.6683
2001-02-14,1.6690
2001-02-15,1.6920
2001-02-16,1.6763
2001-02-19,.
2001-02-20,1.6870
2001-02-21,1.6897
2001-02-22,1.6903
2001-02-23,1.6885
2001-02-26,1.6895
2001-02-27,1.6837
2001-02-28,1.6736
2001-03-01,1.6557
2001-03-02,1.6465
2001-03-05,1.6538
2001-03-06,1.6523
2001-03-07,1.6582
2001-03-08,1.6593
2001-03-09,1.6545
2001-03-12,1.6555
2001-03-13,1.6838
2001-03-14,1.6840
2001-03-15,1.7002
2001-03-16,1.7160
2001-03-19,1.7068
2001-03-20,1.6957
2001-03-21,1.7085
2001-03-22,1.7233
2001-03-23,1.7155
2001-03-26,1.7155
2001-03-27,1.7198
2001-03-28,1.7245
2001-03-29,1.7323
2001-03-30,1.7360
2001-04-02,1.7317
2001-04-03,1.7120
2001-04-04,1.6951
2001-04-05,1.7020
2001-04-06,1.7000
2001-04-09,1.6955
2001-04-10,1.7165
2001-04-11,1.7161
2001-04-12,1.7062
2001-04-13,1.7127
2001-04-16,1.7180
2001-04-17,1.7310
2001-04-18,1.7375
2001-04-19,1.7170
2001-04-20,1.6926
2001-04-23,1.7087
2001-04-24,1.7115
2001-04-25,1.7075
2001-04-26,1.7060
2001-04-27,1.7232
2001-04-30,1.7345
2001-05-01,1.7255
2001-05-02,1.7307
2001-05-03,1.7355
2001-05-04,1.7304
2001-05-07,1.7305
2001-05-08,1.7420
2001-05-09,1.7429
2001-05-10,1.7485
2001-05-11,1.7522
2001-05-14,1.7516
2001-05-15,1.7432
2001-05-16,1.7329
2001-05-17,1.7393
2001-05-18,1.7486
2001-05-21,1.7485
2001-05-22,1.7666
2001-05-23,1.7755
2001-05-24,1.7793
2001-05-25,1.7790
2001-05-28,.
2001-05-29,1.7840
2001-05-30,1.7775
2001-05-31,1.7970
2001-06-01,1.7992
2001-06-04,1.7968
2001-06-05,1.7805
2001-06-06,1.7988
2001-06-07,1.7923
2001-06-08,1.7927
2001-06-11,1.8046
2001-06-12,1.7960
2001-06-13,1.7902
2001-06-14,1.7753
2001-06-15,1.7726
2001-06-18,1.7770
2001-06-19,1.7861
2001-06-20,1.7924
2001-06-21,1.7797
2001-06-22,1.7730
2001-06-25,1.7655
2001-06-26,1.7655
2001-06-27,1.7648
2001-06-28,1.7983
2001-06-29,1.7968
2001-07-02,1.8003
2001-07-03,1.7970
2001-07-04,.
2001-07-05,1.8185
2001-07-06,1.7945
2001-07-09,1.7964
2001-07-10,1.7795
2001-07-11,1.7608
2001-07-12,1.7725
2001-07-13,1.7738
2001-07-16,1.7690
2001-07-17,1.7708
2001-07-18,1.7310
2001-07-19,1.7327
2001-07-20,1.7255
2001-07-23,1.7353
2001-07-24,1.7214
2001-07-25,1.7145
2001-07-26,1.7236
2001-07-27,1.7250
2001-07-30,1.7267
2001-07-31,1.7285
2001-08-01,1.7158
2001-08-02,1.7123
2001-08-03,1.7054
2001-08-06,1.7135
2001-08-07,1.7165
2001-08-08,1.7127
2001-08-09,1.6948
2001-08-10,1.6918
2001-08-13,1.6885
2001-08-14,1.6808
2001-08-15,1.6668
2001-08-16,1.6608
2001-08-17,1.6583
2001-08-20,1.6635
2001-08-21,1.6648
2001-08-22,1.6552
2001-08-23,1.6580
2001-08-24,1.6660
2001-08-27,1.6697
2001-08-28,1.6660
2001-08-29,1.6690
2001-08-30,1.6575
2001-08-31,1.6698
2001-09-03,.
2001-09-04,1.7075
2001-09-05,1.6996
2001-09-06,1.6908
2001-09-07,1.6771
2001-09-10,1.6870
2001-09-11,.
2001-09-12,1.6593
2001-09-13,1.6526
2001-09-14,1.6246
2001-09-17,1.6143
2001-09-18,1.6037
2001-09-19,1.5858
2001-09-20,1.5920
2001-09-21,1.5878
2001-09-24,1.6041
2001-09-25,1.5914
2001-09-26,1.5990
2001-09-27,1.6138
2001-09-28,1.6188
2001-10-01,1.6196
2001-10-02,1.6227
2001-10-03,1.6157
2001-10-04,1.6248
2001-10-05,1.6204
2001-10-08,.
2001-10-09,1.6193
2001-10-10,1.6278
2001-10-11,1.6475
2001-10-12,1.6325
2001-10-15,1.6288
2001-10-16,1.6298
2001-10-17,1.6355
2001-10-18,1.6387
2001-10-19,1.6427
2001-10-22,1.6619
2001-10-23,1.6642
2001-10-24,1.6592
2001-10-25,1.6490
2001-10-26,1.6535
2001-10-29,1.6320
2001-10-30,1.6245
2001-10-31,1.6347
2001-11-01,1.6295
2001-11-02,1.6315
2001-11-05,1.6423
2001-11-06,1.6400
2001-11-07,1.6328
2001-11-08,1.6455
2001-11-09,1.6400
2001-11-12,.
2001-11-13,1.6668
2001-11-14,1.6641
2001-11-15,1.6644
2001-11-16,1.6552
2001-11-19,1.6635
2001-11-20,1.6491
2001-11-21,1.6575
2001-11-22,.
2001-11-23,1.6680
2001-11-26,1.6635
2001-11-27,1.6600
2001-11-28,1.6485
2001-11-29,1.6546
2001-11-30,1.6405
2001-12-03,1.6550
2001-12-04,1.6545
2001-12-05,1.6639
2001-12-06,1.6553
2001-12-07,1.6590
2001-12-10,1.6673
2001-12-11,1.6585
2001-12-12,1.6495
2001-12-13,1.6423
2001-12-14,1.6307
2001-12-17,1.6330
2001-12-18,1.6340
2001-12-19,1.6389
2001-12-20,1.6359
2001-12-21,1.6540
2001-12-24,1.6920
2001-12-25,.
2001-12-26,1.6917
2001-12-27,1.6780
2001-12-28,1.6790
2001-12-31,1.6598
2002-01-01,.
2002-01-02,1.6424
2002-01-03,1.6495
2002-01-04,1.6507
2002-01-07,1.6510
2002-01-08,1.6553
2002-01-09,1.6615
2002-01-10,1.6623
2002-01-11,1.6602
2002-01-14,1.6569
2002-01-15,1.6602
2002-01-16,1.6638
2002-01-17,1.6685
2002-01-18,1.6635
2002-01-21,.
2002-01-22,1.6629
2002-01-23,1.6654
2002-01-24,1.6757
2002-01-25,1.7025
2002-01-28,1.7090
2002-01-29,1.7038
2002-01-30,1.7045
2002-01-31,1.7190
2002-02-01,1.7179
2002-02-04,1.7021
2002-02-05,1.6970
2002-02-06,1.6948
2002-02-07,1.6948
2002-02-08,1.6900
2002-02-11,1.6835
2002-02-12,1.6855
2002-02-13,1.6970
2002-02-14,1.7005
2002-02-15,1.6980
2002-02-18,.
2002-02-19,1.6895
2002-02-20,1.6999
2002-02-21,1.6987
2002-02-22,1.6890
2002-02-25,1.6948
2002-02-26,1.6995
2002-02-27,1.7085
2002-02-28,1.7025
2002-03-01,1.7060
2002-03-04,1.6970
2002-03-05,1.6977
2002-03-06,1.6819
2002-03-07,1.6730
2002-03-08,1.6810
2002-03-11,1.6775
2002-03-12,1.6767
2002-03-13,1.6739
2002-03-14,1.6595
2002-03-15,1.6596
2002-03-18,1.6585
2002-03-19,1.6622
2002-03-20,1.6568
2002-03-21,1.6555
2002-03-22,1.6623
2002-03-25,1.6660
2002-03-26,1.6690
2002-03-27,1.6786
2002-03-28,1.6850
2002-03-29,1.6820
2002-04-01,1.6607
2002-04-02,1.6655
2002-04-03,1.6607
2002-04-04,1.6654
2002-04-05,1.6637
2002-04-08,1.6740
2002-04-09,1.6676
2002-04-10,1.6702
2002-04-11,1.6604
2002-04-12,1.6678
2002-04-15,1.6666
2002-04-16,1.6638
2002-04-17,1.6550
2002-04-18,1.6485
2002-04-19,1.6508
2002-04-22,1.6543
2002-04-23,1.6490
2002-04-24,1.6445
2002-04-25,1.6308
2002-04-26,1.6293
2002-04-29,1.6215
2002-04-30,1.6216
2002-05-01,1.6010
2002-05-02,1.6098
2002-05-03,1.5920
2002-05-06,1.5891
2002-05-07,1.5930
2002-05-08,1.6102
2002-05-09,1.6005
2002-05-10,1.5946
2002-05-13,1.5983
2002-05-14,1.6155
2002-05-15,1.6054
2002-05-16,1.5993
2002-05-17,1.5810
2002-05-20,1.5785
2002-05-21,1.5798
2002-05-22,1.5686
2002-05-23,1.5755
2002-05-24,1.5827
2002-05-27,.
2002-05-28,1.5743
2002-05-29,1.5757
2002-05-30,1.5621
2002-05-31,1.5693
2002-06-03,1.5638
2002-06-04,1.5592
2002-06-05,1.5672
2002-06-06,1.5590
2002-06-07,1.5550
2002-06-10,1.5585
2002-06-11,1.5620
2002-06-12,1.5595
2002-06-13,1.5638
2002-06-14,1.5626
2002-06-17,1.5632
2002-06-18,1.5568
2002-06-19,1.5422
2002-06-20,1.5235
2002-06-21,1.5124
2002-06-24,1.5005
2002-06-25,1.5140
2002-06-26,1.4940
2002-06-27,1.4885
2002-06-28,1.4920
2002-07-01,1.4845
2002-07-02,1.4900
2002-07-03,1.4907
2002-07-04,.
2002-07-05,1.5062
2002-07-08,1.4893
2002-07-09,1.4820
2002-07-10,1.4888
2002-07-11,1.4793
2002-07-12,1.4832
2002-07-15,1.4582
2002-07-16,1.4548
2002-07-17,1.4540
2002-07-18,1.4540
2002-07-19,1.4387
2002-07-22,1.4408
2002-07-23,1.4645
2002-07-24,1.4561
2002-07-25,1.4498
2002-07-26,1.4682
2002-07-29,1.4893
2002-07-30,1.4749
2002-07-31,1.4833
2002-08-01,1.4703
2002-08-02,1.4708
2002-08-05,1.4770
2002-08-06,1.5130
2002-08-07,1.4970
2002-08-08,1.5146
2002-08-09,1.5030
2002-08-12,1.4965
2002-08-13,1.4952
2002-08-14,1.4813
2002-08-15,1.4907
2002-08-16,1.4915
2002-08-19,1.5015
2002-08-20,1.5027
2002-08-21,1.4999
2002-08-22,1.5188
2002-08-23,1.5128
2002-08-26,1.5125
2002-08-27,1.4969
2002-08-28,1.4968
2002-08-29,1.4941
2002-08-30,1.5007
2002-09-02,.
2002-09-03,1.4730
2002-09-04,1.4751
2002-09-05,1.4733
2002-09-06,1.4825
2002-09-09,1.4848
2002-09-10,1.4960
2002-09-11,1.5067
2002-09-12,1.5042
2002-09-13,1.5020
2002-09-16,1.5100
2002-09-17,1.5202
2002-09-18,1.4982
2002-09-19,1.4920
2002-09-20,1.4880
2002-09-23,1.4910
2002-09-24,1.4918
2002-09-25,1.4933
2002-09-26,1.5029
2002-09-27,1.5008
2002-09-30,1.4758
2002-10-01,1.4793
2002-10-02,1.4836
2002-10-03,1.4794
2002-10-04,1.4893
2002-10-07,1.4900
2002-10-08,1.4959
2002-10-09,1.4837
2002-10-10,1.4841
2002-10-11,1.4860
2002-10-14,.
2002-10-15,1.4958
2002-10-16,1.4924
2002-10-17,1.5119
2002-10-18,1.5140
2002-10-21,1.5110
2002-10-22,1.5015
2002-10-23,1.5004
2002-10-24,1.5062
2002-10-25,1.5014
2002-10-28,1.4882
2002-10-29,1.4870
2002-10-30,1.4893
2002-10-31,1.4805
2002-11-01,1.4673
2002-11-04,1.4700
2002-11-05,1.4635
2002-11-06,1.4663
2002-11-07,1.4506
2002-11-08,1.4434
2002-11-11,.
2002-11-12,1.4465
2002-11-13,1.4577
2002-11-14,1.4615
2002-11-15,1.4542
2002-11-18,1.4555
2002-11-19,1.4527
2002-11-20,1.4649
2002-11-21,1.4714
2002-11-22,1.4768
2002-11-25,1.4839
2002-11-26,1.4878
2002-11-27,1.4895
2002-11-28,.
2002-11-29,1.4860
2002-12-02,1.4845
2002-12-03,1.4767
2002-12-04,1.4729
2002-12-05,1.4731
2002-12-06,1.4602
2002-12-09,1.4595
2002-12-10,1.4628
2002-12-11,1.4621
2002-12-12,1.4490
2002-12-13,1.4421
2002-12-16,1.4448
2002-12-17,1.4323
2002-12-18,1.4296
2002-12-19,1.4310
2002-12-20,1.4250
2002-12-23,1.4250
2002-12-24,1.4097
2002-12-25,.
2002-12-26,1.4039
2002-12-27,1.3954
2002-12-30,1.3922
2002-12-31,1.3833
2003-01-01,.
2003-01-02,1.4015
2003-01-03,1.3975
2003-01-06,1.3928
2003-01-07,1.3983
2003-01-08,1.3963
2003-01-09,1.3943
2003-01-10,1.3860
2003-01-13,1.3868
2003-01-14,1.3840
2003-01-15,1.3829
2003-01-16,1.3828
2003-01-17,1.3678
2003-01-20,.
2003-01-21,1.3687
2003-01-22,1.3629
2003-01-23,1.3580
2003-01-24,1.3528
2003-01-27,1.3554
2003-01-28,1.3560
2003-01-29,1.3512
2003-01-30,1.3629
2003-01-31,1.3683
2003-02-03,1.3631
2003-02-04,1.3493
2003-02-05,1.3540
2003-02-06,1.3541
2003-02-07,1.3584
2003-02-10,1.3660
2003-02-11,1.3653
2003-02-12,1.3700
2003-02-13,1.3559
2003-02-14,1.3618
2003-02-17,.
2003-02-18,1.3745
2003-02-19,1.3697
2003-02-20,1.3560
2003-02-21,1.3618
2003-02-24,1.3592
2003-02-25,1.3538
2003-02-26,1.3550
2003-02-27,1.3598
2003-02-28,1.3557
2003-03-03,1.3468
2003-03-04,1.3400
2003-03-05,1.3299
2003-03-06,1.3314
2003-03-07,1.3338
2003-03-10,1.3247
2003-03-11,1.3316
2003-03-12,1.3315
2003-03-13,1.3490
2003-03-14,1.3690
2003-03-17,1.3845
2003-03-18,1.3843
2003-03-19,1.3903
2003-03-20,1.3870
2003-03-21,1.4000
2003-03-24,1.3847
2003-03-25,1.3805
2003-03-26,1.3827
2003-03-27,1.3807
2003-03-28,1.3724
2003-03-31,1.3538
2003-04-01,1.3537
2003-04-02,1.3794
2003-04-03,1.3809
2003-04-04,1.3875
2003-04-07,1.3995
2003-04-08,1.3905
2003-04-09,1.3858
2003-04-10,1.3846
2003-04-11,1.3933
2003-04-14,1.3895
2003-04-15,1.3912
2003-04-16,1.3785
2003-04-17,1.3770
2003-04-18,1.3810
2003-04-21,1.3901
2003-04-22,1.3708
2003-04-23,1.3759
2003-04-24,1.3590
2003-04-25,1.3612
2003-04-28,1.3695
2003-04-29,1.3688
2003-04-30,1.3545
2003-05-01,1.3420
2003-05-02,1.3480
2003-05-05,1.3440
2003-05-06,1.3331
2003-05-07,1.3264
2003-05-08,1.3172
2003-05-09,1.3114
2003-05-12,1.3107
2003-05-13,1.3168
2003-05-14,1.3157
2003-05-15,1.3151
2003-05-16,1.3102
2003-05-19,1.2945
2003-05-20,1.2940
2003-05-21,1.2903
2003-05-22,1.2940
2003-05-23,1.2930
2003-05-26,.
2003-05-27,1.2851
2003-05-28,1.2990
2003-05-29,1.2898
2003-05-30,1.3022
2003-06-02,1.2973
2003-06-03,1.3127
2003-06-04,1.3129
2003-06-05,1.2973
2003-06-06,1.3233
2003-06-09,1.3131
2003-06-10,1.3192
2003-06-11,1.3060
2003-06-12,1.3104
2003-06-13,1.3047
2003-06-16,1.3009
2003-06-17,1.3051
2003-06-18,1.3205
2003-06-19,1.3246
2003-06-20,1.3290
2003-06-23,1.3268
2003-06-24,1.3310
2003-06-25,1.3257
2003-06-26,1.3479
2003-06-27,1.3508
2003-06-30,1.3519
2003-07-01,1.3412
2003-07-02,1.3474
2003-07-03,1.3465
2003-07-04,.
2003-07-07,1.3681
2003-07-08,1.3765
2003-07-09,1.3665
2003-07-10,1.3609
2003-07-11,1.3724
2003-07-14,1.3722
2003-07-15,1.3818
2003-07-16,1.3760
2003-07-17,1.3772
2003-07-18,1.3673
2003-07-21,1.3551
2003-07-22,1.3623
2003-07-23,1.3460
2003-07-24,1.3517
2003-07-25,1.3430
2003-07-28,1.3456
2003-07-29,1.3497
2003-07-30,1.3642
2003-07-31,1.3736
2003-08-01,1.3668
2003-08-04,1.3505
2003-08-05,1.3520
2003-08-06,1.3491
2003-08-07,1.3475
2003-08-08,1.3573
2003-08-11,1.3590
2003-08-12,1.3660
2003-08-13,1.3660
2003-08-14,1.3717
2003-08-15,1.3724
2003-08-18,1.3928
2003-08-19,1.3922
2003-08-20,1.3904
2003-08-21,1.4058
2003-08-22,1.4181
2003-08-25,1.4141
2003-08-26,1.4090
2003-08-27,1.4099
2003-08-28,1.4125
2003-08-29,1.4005
2003-09-01,.
2003-09-02,1.4125
2003-09-03,1.4133
2003-09-04,1.4125
2003-09-05,1.3890
2003-09-08,1.3842
2003-09-09,1.3825
2003-09-10,1.3875
2003-09-11,1.3865
2003-09-12,1.3764
2003-09-15,1.3780
2003-09-16,1.3941
2003-09-17,1.3827
2003-09-18,1.3843
2003-09-19,1.3710
2003-09-22,1.3548
2003-09-23,1.3532
2003-09-24,1.3547
2003-09-25,1.3463
2003-09-26,1.3440
2003-09-29,1.3312
2003-09-30,1.3208
2003-10-01,1.3148
2003-10-02,1.3140
2003-10-03,1.3353
2003-10-06,1.3215
2003-10-07,1.3140
2003-10-08,1.3127
2003-10-09,1.3239
2003-10-10,1.3112
2003-10-13,.
2003-10-14,1.3200
2003-10-15,1.3285
2003-10-16,1.3278
2003-10-17,1.3347
2003-10-20,1.3303
2003-10-21,1.3296
2003-10-22,1.3142
2003-10-23,1.3124
2003-10-24,1.3067
2003-10-27,1.3159
2003-10-28,1.3287
2003-10-29,1.3293
2003-10-30,1.3250
2003-10-31,1.3382
2003-11-03,1.3607
2003-11-04,1.3593
2003-11-05,1.3653
2003-11-06,1.3737
2003-11-07,1.3635
2003-11-10,1.3662
2003-11-11,.
2003-11-12,1.3473
2003-11-13,1.3425
2003-11-14,1.3333
2003-11-17,1.3245
2003-11-18,1.3055
2003-11-19,1.3032
2003-11-20,1.3020
2003-11-21,1.2985
2003-11-24,1.3198
2003-11-25,1.3172
2003-11-26,1.2990
2003-11-27,.
2003-11-28,1.2917
2003-12-01,1.3003
2003-12-02,1.2875
2003-12-03,1.2888
2003-12-04,1.2906
2003-12-05,1.2755
2003-12-08,1.2663
2003-12-09,1.2664
2003-12-10,1.2657
2003-12-11,1.2758
2003-12-12,1.2628
2003-12-15,1.2635
2003-12-16,1.2595
2003-12-17,1.2553
2003-12-18,1.2555
2003-12-19,1.2565
2003-12-22,1.2540
2003-12-23,1.2583
2003-12-24,1.2466
2003-12-25,.
2003-12-26,1.2523
2003-12-29,1.2493
2003-12-30,1.2452
2003-12-31,1.2380
2004-01-01,.
2004-01-02,1.2390
2004-01-05,1.2322
2004-01-06,1.2272
2004-01-07,1.2385
2004-01-08,1.2253
2004-01-09,1.2190
2004-01-12,1.2225
2004-01-13,1.2262
2004-01-14,1.2268
2004-01-15,1.2422
2004-01-16,1.2659
2004-01-19,.
2004-01-20,1.2468
2004-01-21,1.2426
2004-01-22,1.2338
2004-01-23,1.2430
2004-01-26,1.2484
2004-01-27,1.2389
2004-01-28,1.2430
2004-01-29,1.2621
2004-01-30,1.2593
2004-02-02,1.2628
2004-02-03,1.2478
2004-02-04,1.2497
2004-02-05,1.2443
2004-02-06,1.2343
2004-02-09,1.2373
2004-02-10,1.2331
2004-02-11,1.2293
2004-02-12,1.2305
2004-02-13,1.2372
2004-02-16,.
2004-02-17,1.2269
2004-02-18,1.2299
2004-02-19,1.2426
2004-02-20,1.2572
2004-02-23,1.2555
2004-02-24,1.2401
2004-02-25,1.2587
2004-02-26,1.2662
2004-02-27,1.2680
2004-03-01,1.2703
2004-03-02,1.2963
2004-03-03,1.3038
2004-03-04,1.2902
2004-03-05,1.2726
2004-03-08,1.2788
2004-03-09,1.2707
2004-03-10,1.2900
2004-03-11,1.2784
2004-03-12,1.2865
2004-03-15,1.2785
2004-03-16,1.2800
2004-03-17,1.2836
2004-03-18,1.2572
2004-03-19,1.2710
2004-03-22,1.2560
2004-03-23,1.2603
2004-03-24,1.2680
2004-03-25,1.2750
2004-03-26,1.2878
2004-03-29,1.2872
2004-03-30,1.2790
2004-03-31,1.2677
2004-04-01,1.2627
2004-04-02,1.2932
2004-04-05,1.3049
2004-04-06,1.2928
2004-04-07,1.2769
2004-04-08,1.2829
2004-04-09,1.2819
2004-04-12,1.2840
2004-04-13,1.3025
2004-04-14,1.2992
2004-04-15,1.3036
2004-04-16,1.2912
2004-04-19,1.2908
2004-04-20,1.3080
2004-04-21,1.3120
2004-04-22,1.3136
2004-04-23,1.3202
2004-04-26,1.3111
2004-04-27,1.2968
2004-04-28,1.3095
2004-04-29,1.2951
2004-04-30,1.2984
2004-05-03,1.3010
2004-05-04,1.2830
2004-05-05,1.2745
2004-05-06,1.2833
2004-05-07,1.3020
2004-05-10,1.3030
2004-05-11,1.3045
2004-05-12,1.2890
2004-05-13,1.3076
2004-05-14,1.3005
2004-05-17,1.2790
2004-05-18,1.2824
2004-05-19,1.2778
2004-05-20,1.2880
2004-05-21,1.2797
2004-05-24,1.2821
2004-05-25,1.2690
2004-05-26,1.2724
2004-05-27,1.2460
2004-05-28,1.2533
2004-05-31,.
2004-06-01,1.2510
2004-06-02,1.2459
2004-06-03,1.2520
2004-06-04,1.2440
2004-06-07,1.2371
2004-06-08,1.2373
2004-06-09,1.2526
2004-06-10,1.2442
2004-06-11,1.2597
2004-06-14,1.2570
2004-06-15,1.2504
2004-06-16,1.2678
2004-06-17,1.2565
2004-06-18,1.2443
2004-06-21,1.2469
2004-06-22,1.2510
2004-06-23,1.2536
2004-06-24,1.2425
2004-06-25,1.2504
2004-06-28,1.2482
2004-06-29,1.2615
2004-06-30,1.2520
2004-07-01,1.2509
2004-07-02,1.2336
2004-07-05,.
2004-07-06,1.2345
2004-07-07,1.2264
2004-07-08,1.2247
2004-07-09,1.2258
2004-07-12,1.2243
2004-07-13,1.2391
2004-07-14,1.2288
2004-07-15,1.2340
2004-07-16,1.2267
2004-07-19,1.2281
2004-07-20,1.2381
2004-07-21,1.2549
2004-07-22,1.2461
2004-07-23,1.2632
2004-07-26,1.2634
2004-07-27,1.2750
2004-07-28,1.2761
2004-07-29,1.2754
2004-07-30,1.2796
2004-08-02,1.2784
2004-08-03,1.2789
2004-08-04,1.2748
2004-08-05,1.2764
2004-08-06,1.2515
2004-08-09,1.2549
2004-08-10,1.2528
2004-08-11,1.2605
2004-08-12,1.2587
2004-08-13,1.2405
2004-08-16,1.2438
2004-08-17,1.2471
2004-08-18,1.2496
2004-08-19,1.2420
2004-08-20,1.2489
2004-08-23,1.2650
2004-08-24,1.2725
2004-08-25,1.2734
2004-08-26,1.2746
2004-08-27,1.2830
2004-08-30,1.2790
2004-08-31,1.2641
2004-09-01,1.2615
2004-09-02,1.2615
2004-09-03,1.2713
2004-09-06,.
2004-09-07,1.2701
2004-09-08,1.2624
2004-09-09,1.2640
2004-09-10,1.2560
2004-09-13,1.2593
2004-09-14,1.2581
2004-09-15,1.2704
2004-09-16,1.2713
2004-09-17,1.2706
2004-09-20,1.2729
2004-09-21,1.2595
2004-09-22,1.2608
2004-09-23,1.2584
2004-09-24,1.2638
2004-09-27,1.2589
2004-09-28,1.2613
2004-09-29,1.2620
2004-09-30,1.2471
2004-10-01,1.2496
2004-10-04,1.2663
2004-10-05,1.2620
2004-10-06,1.2638
2004-10-07,1.2645
2004-10-08,1.2488
2004-10-11,.
2004-10-12,1.2564
2004-10-13,1.2600
2004-10-14,1.2452
2004-10-15,1.2327
2004-10-18,1.2296
2004-10-19,1.2298
2004-10-20,1.2181
2004-10-21,1.2168
2004-10-22,1.2163
2004-10-25,1.1982
2004-10-26,1.2015
2004-10-27,1.2053
2004-10-28,1.1962
2004-10-29,1.1988
2004-11-01,1.2028
2004-11-02,1.2075
2004-11-03,1.1968
2004-11-04,1.1858
2004-11-05,1.1806
2004-11-08,1.1798
2004-11-09,1.1808
2004-11-10,1.1792
2004-11-11,.
2004-11-12,1.1728
2004-11-15,1.1787
2004-11-16,1.1743
2004-11-17,1.1650
2004-11-18,1.1691
2004-11-19,1.1585
2004-11-22,1.1624
2004-11-23,1.1581
2004-11-24,1.1495
2004-11-25,.
2004-11-26,1.1389
2004-11-29,1.1401
2004-11-30,1.1421
2004-12-01,1.1440
2004-12-02,1.1512
2004-12-03,1.1391
2004-12-06,1.1381
2004-12-07,1.1385
2004-12-08,1.1585
2004-12-09,1.1545
2004-12-10,1.1613
2004-12-13,1.1534
2004-12-14,1.1566
2004-12-15,1.1393
2004-12-16,1.1555
2004-12-17,1.1571
2004-12-20,1.1482
2004-12-21,1.1526
2004-12-22,1.1525
2004-12-23,1.1444
2004-12-24,1.1423
2004-12-27,1.1351
2004-12-28,1.1338
2004-12-29,1.1370
2004-12-30,1.1342
2004-12-31,1.1412
2005-01-03,1.1466
2005-01-04,1.1674
2005-01-05,1.1673
2005-01-06,1.1733
2005-01-07,1.1859
2005-01-10,1.1792
2005-01-11,1.1758
2005-01-12,1.1649
2005-01-13,1.1726
2005-01-14,1.1821
2005-01-17,.
2005-01-18,1.1839
2005-01-19,1.1833
2005-01-20,1.1904
2005-01-21,1.1853
2005-01-24,1.1856
2005-01-25,1.1960
2005-01-26,1.1828
2005-01-27,1.1859
2005-01-28,1.1876
2005-01-31,1.1877
2005-02-01,1.1937
2005-02-02,1.1949
2005-02-03,1.2029
2005-02-04,1.2059
2005-02-07,1.2222
2005-02-08,1.2203
2005-02-09,1.2170
2005-02-10,1.2087
2005-02-11,1.2095
2005-02-14,1.1975
2005-02-15,1.1938
2005-02-16,1.1911
2005-02-17,1.1825
2005-02-18,1.1822
2005-02-21,.
2005-02-22,1.1617
2005-02-23,1.1638
2005-02-24,1.1691
2005-02-25,1.1686
2005-02-28,1.1585
2005-03-01,1.1654
2005-03-02,1.1755
2005-03-03,1.1787
2005-03-04,1.1680
2005-03-07,1.1757
2005-03-08,1.1607
2005-03-09,1.1608
2005-03-10,1.1546
2005-03-11,1.1501
2005-03-14,1.1621
2005-03-15,1.1651
2005-03-16,1.1522
2005-03-17,1.1563
2005-03-18,1.1649
2005-03-21,1.1785
2005-03-22,1.1757
2005-03-23,1.1953
2005-03-24,1.1990
2005-03-25,1.1998
2005-03-28,1.2060
2005-03-29,1.2034
2005-03-30,1.1964
2005-03-31,1.1952
2005-04-01,1.2042
2005-04-04,1.2108
2005-04-05,1.2080
2005-04-06,1.2061
2005-04-07,1.2012
2005-04-08,1.1985
2005-04-11,1.1935
2005-04-12,1.2037
2005-04-13,1.2000
2005-04-14,1.2135
2005-04-15,1.2011
2005-04-18,1.1857
2005-04-19,1.1843
2005-04-20,1.1797
2005-04-21,1.1788
2005-04-22,1.1821
2005-04-25,1.1885
2005-04-26,1.1894
2005-04-27,1.1920
2005-04-28,1.1918
2005-04-29,1.1898
2005-05-02,1.1980
2005-05-03,1.1972
2005-05-04,1.1927
2005-05-05,1.1969
2005-05-06,1.2058
2005-05-09,1.2057
2005-05-10,1.2010
2005-05-11,1.2067
2005-05-12,1.2152
2005-05-13,1.2227
2005-05-16,1.2223
2005-05-17,1.2205
2005-05-18,1.2189
2005-05-19,1.2235
2005-05-20,1.2335
2005-05-23,1.2311
2005-05-24,1.2293
2005-05-25,1.2264
2005-05-26,1.2359
2005-05-27,1.2324
2005-05-30,.
2005-05-31,1.2447
2005-06-01,1.2529
2005-06-02,1.2515
2005-06-03,1.2545
2005-06-06,1.2489
2005-06-07,1.2464
2005-06-08,1.2456
2005-06-09,1.2552
2005-06-10,1.2688
2005-06-13,1.2778
2005-06-14,1.2776
2005-06-15,1.2710
2005-06-16,1.2742
2005-06-17,1.2631
2005-06-20,1.2722
2005-06-21,1.2702
2005-06-22,1.2711
2005-06-23,1.2776
2005-06-24,1.2749
2005-06-27,1.2694
2005-06-28,1.2791
2005-06-29,1.2786
2005-06-30,1.2827
2005-07-01,1.2965
2005-07-04,.
2005-07-05,1.3036
2005-07-06,1.3041
2005-07-07,1.2978
2005-07-08,1.3020
2005-07-11,1.2886
2005-07-12,1.2754
2005-07-13,1.2900
2005-07-14,1.2899
2005-07-15,1.2962
2005-07-18,1.2916
2005-07-19,1.3035
2005-07-20,1.2971
2005-07-21,1.2887
2005-07-22,1.2951
2005-07-25,1.2965
2005-07-26,1.3007
2005-07-27,1.2986
2005-07-28,1.2880
2005-07-29,1.2870
2005-08-01,1.2780
2005-08-02,1.2753
2005-08-03,1.2616
2005-08-04,1.2584
2005-08-05,1.2663
2005-08-08,1.2607
2005-08-09,1.2618
2005-08-10,1.2608
2005-08-11,1.2487
2005-08-12,1.2490
2005-08-15,1.2553
2005-08-16,1.2573
2005-08-17,1.2598
2005-08-18,1.2705
2005-08-19,1.2756
2005-08-22,1.2692
2005-08-23,1.2722
2005-08-24,1.2684
2005-08-25,1.2556
2005-08-26,1.2541
2005-08-29,1.2642
2005-08-30,1.2703
2005-08-31,1.2546
2005-09-01,1.2400
2005-09-02,1.2287
2005-09-05,.
2005-09-06,1.2366
2005-09-07,1.2399
2005-09-08,1.2442
2005-09-09,1.2413
2005-09-12,1.2570
2005-09-13,1.2625
2005-09-14,1.2579
2005-09-15,1.2673
2005-09-16,1.2710
2005-09-19,1.2761
2005-09-20,1.2757
2005-09-21,1.2710
2005-09-22,1.2787
2005-09-23,1.2887
2005-09-26,1.2935
2005-09-27,1.2967
2005-09-28,1.2961
2005-09-29,1.2964
2005-09-30,1.2890
2005-10-03,1.3022
2005-10-04,1.3018
2005-10-05,1.2923
2005-10-06,1.2747
2005-10-07,1.2796
2005-10-10,.
2005-10-11,1.2880
2005-10-12,1.2850
2005-10-13,1.2984
2005-10-14,1.2842
2005-10-17,1.2910
2005-10-18,1.3020
2005-10-19,1.2944
2005-10-20,1.2915
2005-10-21,1.2916
2005-10-24,1.2857
2005-10-25,1.2762
2005-10-26,1.2810
2005-10-27,1.2731
2005-10-28,1.2767
2005-10-31,1.2900
2005-11-01,1.2903
2005-11-02,1.2780
2005-11-03,1.2893
2005-11-04,1.3055
2005-11-07,1.3081
2005-11-08,1.3102
2005-11-09,1.3115
2005-11-10,1.3100
2005-11-11,.
2005-11-14,1.3202
2005-11-15,1.3197
2005-11-16,1.3255
2005-11-17,1.3220
2005-11-18,1.3188
2005-11-21,1.3190
2005-11-22,1.3195
2005-11-23,1.3144
2005-11-24,.
2005-11-25,1.3197
2005-11-28,1.3110
2005-11-29,1.3133
2005-11-30,1.3148
2005-12-01,1.3210
2005-12-02,1.3198
2005-12-05,1.3083
2005-12-06,1.3066
2005-12-07,1.3134
2005-12-08,1.2997
2005-12-09,1.3024
2005-12-12,1.2880
2005-12-13,1.2952
2005-12-14,1.2788
2005-12-15,1.2889
2005-12-16,1.2897
2005-12-19,1.2932
2005-12-20,1.3110
2005-12-21,1.3153
2005-12-22,1.3103
2005-12-23,1.3140
2005-12-26,.
2005-12-27,1.3142
2005-12-28,1.3129
2005-12-29,1.3143
2005-12-30,1.3148
2006-01-02,.
2006-01-03,1.2938
2006-01-04,1.2801
2006-01-05,1.2770
2006-01-06,1.2695
2006-01-09,1.2794
2006-01-10,1.2805
2006-01-11,1.2734
2006-01-12,1.2859
2006-01-13,1.2799
2006-01-16,.
2006-01-17,1.2833
2006-01-18,1.2823
2006-01-19,1.2822
2006-01-20,1.2826
2006-01-23,1.2605
2006-01-24,1.2595
2006-01-25,1.2636
2006-01-26,1.2684
2006-01-27,1.2798
2006-01-30,1.2864
2006-01-31,1.2784
2006-02-01,1.2841
2006-02-02,1.2845
2006-02-03,1.2944
2006-02-06,1.3011
2006-02-07,1.2982
2006-02-08,1.3032
2006-02-09,1.3010
2006-02-10,1.3049
2006-02-13,1.3074
2006-02-14,1.3097
2006-02-15,1.3107
2006-02-16,1.3127
2006-02-17,1.3123
2006-02-20,.
2006-02-21,1.3082
2006-02-22,1.3114
2006-02-23,1.3083
2006-02-24,1.3158
2006-02-27,1.3201
2006-02-28,1.3111
2006-03-01,1.3165
2006-03-02,1.3041
2006-03-03,1.2990
2006-03-06,1.3002
2006-03-07,1.3126
2006-03-08,1.3088
2006-03-09,1.3136
2006-03-10,1.3201
2006-03-13,1.3141
2006-03-14,1.3008
2006-03-15,1.2999
2006-03-16,1.2931
2006-03-17,1.2893
2006-03-20,1.2911
2006-03-21,1.3038
2006-03-22,1.3024
2006-03-23,1.3159
2006-03-24,1.3099
2006-03-27,1.3092
2006-03-28,1.3005
2006-03-29,1.3091
2006-03-30,1.2989
2006-03-31,1.3025
2006-04-03,1.3044
2006-04-04,1.2898
2006-04-05,1.2857
2006-04-06,1.2913
2006-04-07,1.3029
2006-04-10,1.3043
2006-04-11,1.2997
2006-04-12,1.2995
2006-04-13,1.2979
2006-04-14,1.2990
2006-04-17,1.2776
2006-04-18,1.2759
2006-04-19,1.2705
2006-04-20,1.2776
2006-04-21,1.2751
2006-04-24,1.2701
2006-04-25,1.2687
2006-04-26,1.2675
2006-04-27,1.2611
2006-04-28,1.2411
2006-05-01,1.2386
2006-05-02,1.2345
2006-05-03,1.2351
2006-05-04,1.2297
2006-05-05,1.2257
2006-05-08,1.2276
2006-05-09,1.2223
2006-05-10,1.2186
2006-05-11,1.2106
2006-05-12,1.2020
2006-05-15,1.2087
2006-05-16,1.2118
2006-05-17,1.2178
2006-05-18,1.2123
2006-05-19,1.2182
2006-05-22,1.2049
2006-05-23,1.2083
2006-05-24,1.2188
2006-05-25,1.2184
2006-05-26,1.2265
2006-05-29,.
2006-05-30,1.2110
2006-05-31,1.2159
2006-06-01,1.2197
2006-06-02,1.2083
2006-06-05,1.2027
2006-06-06,1.2155
2006-06-07,1.2208
2006-06-08,1.2330
2006-06-09,1.2322
2006-06-12,1.2345
2006-06-13,1.2356
2006-06-14,1.2271
2006-06-15,1.2317
2006-06-16,1.2326
2006-06-19,1.2413
2006-06-20,1.2402
2006-06-21,1.2329
2006-06-22,1.2421
2006-06-23,1.2469
2006-06-26,1.2455
2006-06-27,1.2424
2006-06-28,1.2479
2006-06-29,1.2490
2006-06-30,1.2247
2006-07-03,1.2253
2006-07-04,.
2006-07-05,1.2336
2006-07-06,1.2299
2006-07-07,1.2223
2006-07-10,1.2294
2006-07-11,1.2286
2006-07-12,1.2344
2006-07-13,1.2326
2006-07-14,1.2358
2006-07-17,1.2476
2006-07-18,1.2529
2006-07-19,1.2497
2006-07-20,1.2435
2006-07-21,1.2373
2006-07-24,1.2464
2006-07-25,1.2534
2006-07-26,1.2488
2006-07-27,1.2354
2006-07-28,1.2333
2006-07-31,1.2311
2006-08-01,1.2317
2006-08-02,1.2293
2006-08-03,1.2332
2006-08-04,1.2209
2006-08-07,1.2223
2006-08-08,1.2261
2006-08-09,1.2228
2006-08-10,1.2373
2006-08-11,1.2388
2006-08-14,1.2403
2006-08-15,1.2372
2006-08-16,1.2272
2006-08-17,1.2276
2006-08-18,1.2339
2006-08-21,1.2226
2006-08-22,1.2341
2006-08-23,1.2357
2006-08-24,1.2381
2006-08-25,1.2375
2006-08-28,1.2358
2006-08-29,1.2356
2006-08-30,1.2293
2006-08-31,1.2336
2006-09-01,1.2308
2006-09-04,.
2006-09-05,1.2347
2006-09-06,1.2378
2006-09-07,1.2405
2006-09-08,1.2480
2006-09-11,1.2451
2006-09-12,1.2482
2006-09-13,1.2491
2006-09-14,1.2499
2006-09-15,1.2580
2006-09-18,1.2541
2006-09-19,1.2512
2006-09-20,1.2498
2006-09-21,1.2519
2006-09-22,1.2349
2006-09-25,1.2385
2006-09-26,1.2436
2006-09-27,1.2451
2006-09-28,1.2474
2006-09-29,1.2504
2006-10-02,1.2426
2006-10-03,1.2453
2006-10-04,1.2517
2006-10-05,1.2529
2006-10-06,1.2607
2006-10-09,.
2006-10-10,1.2691
2006-10-11,1.2702
2006-10-12,1.2708
2006-10-13,1.2752
2006-10-16,1.2715
2006-10-17,1.2645
2006-10-18,1.2721
2006-10-19,1.2621
2006-10-20,1.2587
2006-10-23,1.2680
2006-10-24,1.2658
2006-10-25,1.2648
2006-10-26,1.2567
2006-10-27,1.2496
2006-10-30,1.2488
2006-10-31,1.2424
2006-11-01,1.2433
2006-11-02,1.2443
2006-11-03,1.2549
2006-11-06,1.2566
2006-11-07,1.2460
2006-11-08,1.2494
2006-11-09,1.2421
2006-11-10,1.2388
2006-11-13,1.2441
2006-11-14,1.2449
2006-11-15,1.2472
2006-11-16,1.2467
2006-11-17,1.2443
2006-11-20,1.2434
2006-11-21,1.2419
2006-11-22,1.2276
2006-11-23,.
2006-11-24,1.2114
2006-11-27,1.2083
2006-11-28,1.2062
2006-11-29,1.2098
2006-11-30,1.1966
2006-12-01,1.1947
2006-12-04,1.1947
2006-12-05,1.1911
2006-12-06,1.1933
2006-12-07,1.1953
2006-12-08,1.2039
2006-12-11,1.2036
2006-12-12,1.2030
2006-12-13,1.2063
2006-12-14,1.2126
2006-12-15,1.2207
2006-12-18,1.2243
2006-12-19,1.2141
2006-12-20,1.2169
2006-12-21,1.2165
2006-12-22,1.2207
2006-12-25,.
2006-12-26,1.2200
2006-12-27,1.2253
2006-12-28,1.2207
2006-12-29,1.2195
2007-01-01,.
2007-01-02,1.2125
2007-01-03,1.2263
2007-01-04,1.2314
2007-01-05,1.2366
2007-01-08,1.2357
2007-01-09,1.2417
2007-01-10,1.2459
2007-01-11,1.2482
2007-01-12,1.2485
2007-01-15,.
2007-01-16,1.2480
2007-01-17,1.2456
2007-01-18,1.2496
2007-01-19,1.2479
2007-01-22,1.2484
2007-01-23,1.2404
2007-01-24,1.2481
2007-01-25,1.2439
2007-01-26,1.2534
2007-01-29,1.2528
2007-01-30,1.2530
2007-01-31,1.2470
2007-02-01,1.2427
2007-02-02,1.2476
2007-02-05,1.2481
2007-02-06,1.2414
2007-02-07,1.2398
2007-02-08,1.2471
2007-02-09,1.2484
2007-02-12,1.2532
2007-02-13,1.2489
2007-02-14,1.2399
2007-02-15,1.2362
2007-02-16,1.2341
2007-02-19,.
2007-02-20,1.2369
2007-02-21,1.2393
2007-02-22,1.2383
2007-02-23,1.2332
2007-02-26,1.2327
2007-02-27,1.2205
2007-02-28,1.2189
2007-03-01,1.2226
2007-03-02,1.2173
2007-03-05,1.2218
2007-03-06,1.2241
2007-03-07,1.2208
2007-03-08,1.2287
2007-03-09,1.2332
2007-03-12,1.2250
2007-03-13,1.2218
2007-03-14,1.2139
2007-03-15,1.2142
2007-03-16,1.2079
2007-03-19,1.2125
2007-03-20,1.2137
2007-03-21,1.2151
2007-03-22,1.2115
2007-03-23,1.2169
2007-03-26,1.2144
2007-03-27,1.2130
2007-03-28,1.2147
2007-03-29,1.2166
2007-03-30,1.2126
2007-04-02,1.2139
2007-04-03,1.2192
2007-04-04,1.2194
2007-04-05,1.2145
2007-04-06,1.2215
2007-04-09,1.2250
2007-04-10,1.2165
2007-04-11,1.2194
2007-04-12,1.2157
2007-04-13,1.2154
2007-04-16,1.2132
2007-04-17,1.2092
2007-04-18,1.2056
2007-04-19,1.2044
2007-04-20,1.2081
2007-04-23,1.2088
2007-04-24,1.2031
2007-04-25,1.2030
2007-04-26,1.2092
2007-04-27,1.2081
2007-04-30,1.2064
2007-05-01,1.2151
2007-05-02,1.2138
2007-05-03,1.2151
2007-05-04,1.2115
2007-05-07,1.2096
2007-05-08,1.2182
2007-05-09,1.2165
2007-05-10,1.2192
2007-05-11,1.2188
2007-05-14,1.2194
2007-05-15,1.2135
2007-05-16,1.2220
2007-05-17,1.2268
2007-05-18,1.2267
2007-05-21,1.2306
2007-05-22,1.2300
2007-05-23,1.2266
2007-05-24,1.2294
2007-05-25,1.2281
2007-05-28,.
2007-05-29,1.2227
2007-05-30,1.2259
2007-05-31,1.2252
2007-06-01,1.2299
2007-06-04,1.2231
2007-06-05,1.2187
2007-06-06,1.2176
2007-06-07,1.2243
2007-06-08,1.2345
2007-06-11,1.2386
2007-06-12,1.2424
2007-06-13,1.2447
2007-06-14,1.2452
2007-06-15,1.2428
2007-06-18,1.2409
2007-06-19,1.2402
2007-06-20,1.2374
2007-06-21,1.2404
2007-06-22,1.2316
2007-06-25,1.2305
2007-06-26,1.2284
2007-06-27,1.2291
2007-06-28,1.2286
2007-06-29,1.2240
2007-07-02,1.2112
2007-07-03,1.2152
2007-07-04,.
2007-07-05,1.2178
2007-07-06,1.2181
2007-07-09,1.2170
2007-07-10,1.2074
2007-07-11,1.2044
2007-07-12,1.2033
2007-07-13,1.2019
2007-07-16,1.2018
2007-07-17,1.2030
2007-07-18,1.1997
2007-07-19,1.2023
2007-07-20,1.1998
2007-07-23,1.2054
2007-07-24,1.2050
2007-07-25,1.2140
2007-07-26,1.2068
2007-07-27,1.2073
2007-07-30,1.2015
2007-07-31,1.2021
2007-08-01,1.2013
2007-08-02,1.2060
2007-08-03,1.1933
2007-08-06,1.1873
2007-08-07,1.1954
2007-08-08,1.1946
2007-08-09,1.1967
2007-08-10,1.1969
2007-08-13,1.2057
2007-08-14,1.2095
2007-08-15,1.2181
2007-08-16,1.2175
2007-08-17,1.2043
2007-08-20,1.2066
2007-08-21,1.2033
2007-08-22,1.2062
2007-08-23,1.2061
2007-08-24,1.2015
2007-08-27,1.2032
2007-08-28,1.2006
2007-08-29,1.1986
2007-08-30,1.2032
2007-08-31,1.2071
2007-09-03,1.2071
2007-09-04,1.2109
2007-09-05,1.2025
2007-09-06,1.2008
2007-09-07,1.1882
2007-09-10,1.1860
2007-09-11,1.1864
2007-09-12,1.1844
2007-09-13,1.1870
2007-09-14,1.1914
2007-09-17,1.1874
2007-09-18,1.1891
2007-09-19,1.1856
2007-09-20,1.1697
2007-09-21,1.1735
2007-09-24,1.1739
2007-09-25,1.1681
2007-09-26,1.1710
2007-09-27,1.1735
2007-09-28,1.1672
2007-10-01,1.1683
2007-10-02,1.1750
2007-10-03,1.1791
2007-10-04,1.1752
2007-10-05,1.1760
2007-10-08,1.1760
2007-10-09,1.1838
2007-10-10,1.1808
2007-10-11,1.1801
2007-10-12,1.1852
2007-10-15,1.1799
2007-10-16,1.1831
2007-10-17,1.1816
2007-10-18,1.1697
2007-10-19,1.1718
2007-10-22,1.1777
2007-10-23,1.1727
2007-10-24,1.1726
2007-10-25,1.1671
2007-10-26,1.1627
2007-10-29,1.1654
2007-10-30,1.1615
2007-10-31,1.1589
2007-11-01,1.1591
2007-11-02,1.1543
2007-11-05,1.1536
2007-11-06,1.1453
2007-11-07,1.1335
2007-11-08,1.1265
2007-11-09,1.1232
2007-11-12,.
2007-11-13,1.1256
2007-11-14,1.1222
2007-11-15,1.1224
2007-11-16,1.1170
2007-11-19,1.1163
2007-11-20,1.1099
2007-11-21,1.1037
2007-11-22,1.1037
2007-11-23,1.1026
2007-11-26,1.1005
2007-11-27,1.1054
2007-11-28,1.1186
2007-11-29,1.1177
2007-11-30,1.1287
2007-12-03,1.1291
2007-12-04,1.1172
2007-12-05,1.1249
2007-12-06,1.1276
2007-12-07,1.1296
2007-12-10,1.1276
2007-12-11,1.1330
2007-12-12,1.1355
2007-12-13,1.1432
2007-12-14,1.1536
2007-12-17,1.1522
2007-12-18,1.1529
2007-12-19,1.1563
2007-12-20,1.1563
2007-12-21,1.1566
2007-12-24,1.1567
2007-12-25,.
2007-12-26,1.1504
2007-12-27,1.1409
2007-12-28,1.1275
2007-12-31,1.1329
2008-01-01,.
2008-01-02,1.1174
2008-01-03,1.1134
2008-01-04,1.1064
2008-01-07,1.1176
2008-01-08,1.1138
2008-01-09,1.1151
2008-01-10,1.1069
2008-01-11,1.1026
2008-01-14,1.0928
2008-01-15,1.0917
2008-01-16,1.1008
2008-01-17,1.0993
2008-01-18,1.1010
2008-01-21,.
2008-01-22,1.0986
2008-01-23,1.0898
2008-01-24,1.0869
2008-01-25,1.0986
2008-01-28,1.0878
2008-01-29,1.0940
2008-01-30,1.0927
2008-01-31,1.0845
2008-02-01,1.0821
2008-02-04,1.0892
2008-02-05,1.1005
2008-02-06,1.0977
2008-02-07,1.1049
2008-02-08,1.1038
2008-02-11,1.1023
2008-02-12,1.1006
2008-02-13,1.1074
2008-02-14,1.0984
2008-02-15,1.0913
2008-02-18,.
2008-02-19,1.0930
2008-02-20,1.1003
2008-02-21,1.0916
2008-02-22,1.0856
2008-02-25,1.0856
2008-02-26,1.0849
2008-02-27,1.0637
2008-02-28,1.0533
2008-02-29,1.0435
2008-03-03,1.0431
2008-03-04,1.0354
2008-03-05,1.0364
2008-03-06,1.0291
2008-03-07,1.0250
2008-03-10,1.0192
2008-03-11,1.0292
2008-03-12,1.0217
2008-03-13,1.0116
2008-03-14,1.0072
2008-03-17,0.9860
2008-03-18,0.9899
2008-03-19,1.0006
2008-03-20,1.0107
2008-03-21,1.0085
2008-03-24,1.0230
2008-03-25,1.0088
2008-03-26,0.9955
2008-03-27,0.9932
2008-03-28,0.9981
2008-03-31,0.9921
2008-04-01,1.0108
2008-04-02,1.0148
2008-04-03,1.0079
2008-04-04,1.0052
2008-04-07,1.0144
2008-04-08,1.0140
2008-04-09,1.0019
2008-04-10,1.0051
2008-04-11,1.0016
2008-04-14,0.9975
2008-04-15,1.0019
2008-04-16,0.9979
2008-04-17,1.0025
2008-04-18,1.0253
2008-04-21,1.0121
2008-04-22,1.0004
2008-04-23,1.0146
2008-04-24,1.0341
2008-04-25,1.0335
2008-04-28,1.0339
2008-04-29,1.0329
2008-04-30,1.0422
2008-05-01,1.0478
2008-05-02,1.0562
2008-05-05,1.0539
2008-05-06,1.0485
2008-05-07,1.0583
2008-05-08,1.0510
2008-05-09,1.0432
2008-05-12,1.0443
2008-05-13,1.0490
2008-05-14,1.0558
2008-05-15,1.0531
2008-05-16,1.0448
2008-05-19,1.0545
2008-05-20,1.0376
2008-05-21,1.0297
2008-05-22,1.0324
2008-05-23,1.0235
2008-05-26,.
2008-05-27,1.0284
2008-05-28,1.0382
2008-05-29,1.0480
2008-05-30,1.0426
2008-06-02,1.0379
2008-06-03,1.0437
2008-06-04,1.0408
2008-06-05,1.0398
2008-06-06,1.0237
2008-06-09,1.0237
2008-06-10,1.0404
2008-06-11,1.0328
2008-06-12,1.0441
2008-06-13,1.0485
2008-06-16,1.0435
2008-06-17,1.0428
2008-06-18,1.0413
2008-06-19,1.0457
2008-06-20,1.0345
2008-06-23,1.0474
2008-06-24,1.0384
2008-06-25,1.0424
2008-06-26,1.0274
2008-06-27,1.0205
2008-06-30,1.0202
2008-07-01,1.0183
2008-07-02,1.0151
2008-07-03,1.0273
2008-07-04,.
2008-07-07,1.0328
2008-07-08,1.0324
2008-07-09,1.0301
2008-07-10,1.0282
2008-07-11,1.0179
2008-07-14,1.0162
2008-07-15,1.0089
2008-07-16,1.0148
2008-07-17,1.0197
2008-07-18,1.0207
2008-07-21,1.0207
2008-07-22,1.0283
2008-07-23,1.0372
2008-07-24,1.0390
2008-07-25,1.0386
2008-07-28,1.0332
2008-07-29,1.0454
2008-07-30,1.0484
2008-07-31,1.0489
2008-08-01,1.0480
2008-08-04,1.0492
2008-08-05,1.0548
2008-08-06,1.0602
2008-08-07,1.0617
2008-08-08,1.0801
2008-08-11,1.0828
2008-08-12,1.0880
2008-08-13,1.0855
2008-08-14,1.0911
2008-08-15,1.0960
2008-08-18,1.0959
2008-08-19,1.0927
2008-08-20,1.1008
2008-08-21,1.0862
2008-08-22,1.0970
2008-08-25,1.0926
2008-08-26,1.1004
2008-08-27,1.1009
2008-08-28,1.0994
2008-08-29,1.1019
2008-09-01,.
2008-09-02,1.1070
2008-09-03,1.1055
2008-09-04,1.1094
2008-09-05,1.1110
2008-09-08,1.1306
2008-09-09,1.1250
2008-09-10,1.1360
2008-09-11,1.1395
2008-09-12,1.1335
2008-09-15,1.1194
2008-09-16,1.1199
2008-09-17,1.1208
2008-09-18,1.0988
2008-09-19,1.1107
2008-09-22,1.0834
2008-09-23,1.0813
2008-09-24,1.0889
2008-09-25,1.0883
2008-09-26,1.0890
2008-09-29,1.0964
2008-09-30,1.1189
2008-10-01,1.1209
2008-10-02,1.1339
2008-10-03,1.1295
2008-10-06,1.1456
2008-10-07,1.1399
2008-10-08,1.1272
2008-10-09,1.1311
2008-10-10,1.1221
2008-10-13,.
2008-10-14,1.1347
2008-10-15,1.1346
2008-10-16,1.1332
2008-10-17,1.1339
2008-10-20,1.1511
2008-10-21,1.1581
2008-10-22,1.1656
2008-10-23,1.1625
2008-10-24,1.1526
2008-10-27,1.1581
2008-10-28,1.1612
2008-10-29,1.1371
2008-10-30,1.1450
2008-10-31,1.1669
2008-11-03,1.1681
2008-11-04,1.1627
2008-11-05,1.1606
2008-11-06,1.1745
2008-11-07,1.1761
2008-11-10,1.1784
2008-11-11,.
2008-11-12,1.1790
2008-11-13,1.1995
2008-11-14,1.1870
2008-11-17,1.1954
2008-11-18,1.1976
2008-11-19,1.2103
2008-11-20,1.2197
2008-11-21,1.2237
2008-11-24,1.1968
2008-11-25,1.1863
2008-11-26,1.2064
2008-11-27,.
2008-11-28,1.2165
2008-12-01,1.2076
2008-12-02,1.2062
2008-12-03,1.2142
2008-12-04,1.1971
2008-12-05,1.2238
2008-12-08,1.2036
2008-12-09,1.2062
2008-12-10,1.1949
2008-12-11,1.1872
2008-12-12,1.1796
2008-12-15,1.1590
2008-12-16,1.1406
2008-12-17,1.0852
2008-12-18,1.0775
2008-12-19,1.1105
2008-12-22,1.0949
2008-12-23,1.0856
2008-12-24,1.0788
2008-12-25,.
2008-12-26,1.0700
2008-12-29,1.0414
2008-12-30,1.0567
2008-12-31,1.0673
2009-01-01,.
2009-01-02,1.0685
2009-01-05,1.1077
2009-01-06,1.1212
2009-01-07,1.0941
2009-01-08,1.0925
2009-01-09,1.1096
2009-01-12,1.1139
2009-01-13,1.1212
2009-01-14,1.1179
2009-01-15,1.1232
2009-01-16,1.1177
2009-01-19,.
2009-01-20,1.1432
2009-01-21,1.1473
2009-01-22,1.1538
2009-01-23,1.1629
2009-01-26,1.1437
2009-01-27,1.1388
2009-01-28,1.1442
2009-01-29,1.1507
2009-01-30,1.1612
2009-02-02,1.1640
2009-02-03,1.1419
2009-02-04,1.1579
2009-02-05,1.1654
2009-02-06,1.1694
2009-02-09,1.1566
2009-02-10,1.1535
2009-02-11,1.1599
2009-02-12,1.1634
2009-02-13,1.1581
2009-02-16,.
2009-02-17,1.1744
2009-02-18,1.1813
2009-02-19,1.1742
2009-02-20,1.1681
2009-02-23,1.1633
2009-02-24,1.1670
2009-02-25,1.1646
2009-02-26,1.1647
2009-02-27,1.1672
2009-03-02,1.1723
2009-03-03,1.1755
2009-03-04,1.1762
2009-03-05,1.1727
2009-03-06,1.1525
2009-03-09,1.1634
2009-03-10,1.1540
2009-03-11,1.1585
2009-03-12,1.1893
2009-03-13,1.1880
2009-03-16,1.1819
2009-03-17,1.1826
2009-03-18,1.1667
2009-03-19,1.1184
2009-03-20,1.1243
2009-03-23,1.1290
2009-03-24,1.1285
2009-03-25,1.1239
2009-03-26,1.1272
2009-03-27,1.1435
2009-03-30,1.1532
2009-03-31,1.1395
2009-04-01,1.1465
2009-04-02,1.1349
2009-04-03,1.1321
2009-04-06,1.1388
2009-04-07,1.1443
2009-04-08,1.1459
2009-04-09,1.1583
2009-04-10,1.1575
2009-04-13,1.1356
2009-04-14,1.1387
2009-04-15,1.1453
2009-04-16,1.1471
2009-04-17,1.1674
2009-04-20,1.1713
2009-04-21,1.1654
2009-04-22,1.1634
2009-04-23,1.1581
2009-04-24,1.1368
2009-04-27,1.1472
2009-04-28,1.1517
2009-04-29,1.1309
2009-04-30,1.1402
2009-05-01,1.1364
2009-05-04,1.1289
2009-05-05,1.1297
2009-05-06,1.1313
2009-05-07,1.1278
2009-05-08,1.1202
2009-05-11,1.1067
2009-05-12,1.1052
2009-05-13,1.1061
2009-05-14,1.1060
2009-05-15,1.1132
2009-05-18,1.1181
2009-05-19,1.1121
2009-05-20,1.1022
2009-05-21,1.1010
2009-05-22,1.0847
2009-05-25,.
2009-05-26,1.0833
2009-05-27,1.0861
2009-05-28,1.0838
2009-05-29,1.0692
2009-06-01,1.0688
2009-06-02,1.0624
2009-06-03,1.0684
2009-06-04,1.0679
2009-06-05,1.0852
2009-06-08,1.0929
2009-06-09,1.0822
2009-06-10,1.0816
2009-06-11,1.0721
2009-06-12,1.0756
2009-06-15,1.0942
2009-06-16,1.0853
2009-06-17,1.0870
2009-06-18,1.0827
2009-06-19,1.0773
2009-06-22,1.0875
2009-06-23,1.0707
2009-06-24,1.0842
2009-06-25,1.0960
2009-06-26,1.0856
2009-06-29,1.0849
2009-06-30,1.0867
2009-07-01,1.0720
2009-07-02,1.0836
2009-07-03,1.0863
2009-07-06,1.0877
2009-07-07,1.0858
2009-07-08,1.0923
2009-07-09,1.0773
2009-07-10,1.0856
2009-07-13,1.0842
2009-07-14,1.0850
2009-07-15,1.0746
2009-07-16,1.0755
2009-07-17,1.0766
2009-07-20,1.0688
2009-07-21,1.0677
2009-07-22,1.0659
2009-07-23,1.0667
2009-07-24,1.0701
2009-07-27,1.0729
2009-07-28,1.0704
2009-07-29,1.0882
2009-07-30,1.0894
2009-07-31,1.0668
2009-08-03,1.0578
2009-08-04,1.0605
2009-08-05,1.0630
2009-08-06,1.0658
2009-08-07,1.0826
2009-08-10,1.0855
2009-08-11,1.0825
2009-08-12,1.0765
2009-08-13,1.0715
2009-08-14,1.0719
2009-08-17,1.0787
2009-08-18,1.0795
2009-08-19,1.0630
2009-08-20,1.0659
2009-08-21,1.0613
2009-08-24,1.0606
2009-08-25,1.0575
2009-08-26,1.0697
2009-08-27,1.0667
2009-08-28,1.0560
2009-08-31,1.0569
2009-09-01,1.0653
2009-09-02,1.0628
2009-09-03,1.0598
2009-09-04,1.0613
2009-09-07,.
2009-09-08,1.0463
2009-09-09,1.0403
2009-09-10,1.0396
2009-09-11,1.0373
2009-09-14,1.0359
2009-09-15,1.0374
2009-09-16,1.0328
2009-09-17,1.0290
2009-09-18,1.0293
2009-09-21,1.0317
2009-09-22,1.0237
2009-09-23,1.0259
2009-09-24,1.0279
2009-09-25,1.0277
2009-09-28,1.0301
2009-09-29,1.0385
2009-09-30,1.0375
2009-10-01,1.0424
2009-10-02,1.0345
2009-10-05,1.0322
2009-10-06,1.0248
2009-10-07,1.0333
2009-10-08,1.0270
2009-10-09,1.0316
2009-10-12,.
2009-10-13,1.0230
2009-10-14,1.0172
2009-10-15,1.0136
2009-10-16,1.0188
2009-10-19,1.0130
2009-10-20,1.0144
2009-10-21,1.0064
2009-10-22,1.0069
2009-10-23,1.0070
2009-10-26,1.0136
2009-10-27,1.0218
2009-10-28,1.0232
2009-10-29,1.0194
2009-10-30,1.0238
2009-11-02,1.0177
2009-11-03,1.0306
2009-11-04,1.0183
2009-11-05,1.0170
2009-11-06,1.0182
2009-11-09,1.0077
2009-11-10,1.0092
2009-11-11,.
2009-11-12,1.0164
2009-11-13,1.0141
2009-11-16,1.0075
2009-11-17,1.0192
2009-11-18,1.0080
2009-11-19,1.0149
2009-11-20,1.0177
2009-11-23,1.0097
2009-11-24,1.0116
2009-11-25,1.0004
2009-11-26,.
2009-11-27,1.0063
2009-11-30,1.0050
2009-12-01,0.9984
2009-12-02,1.0006
2009-12-03,0.9995
2009-12-04,1.0136
2009-12-07,1.0199
2009-12-08,1.0245
2009-12-09,1.0262
2009-12-10,1.0270
2009-12-11,1.0356
2009-12-14,1.0321
2009-12-15,1.0421
2009-12-16,1.0355
2009-12-17,1.0491
2009-12-18,1.0452
2009-12-21,1.0441
2009-12-22,1.0486
2009-12-23,1.0380
2009-12-24,1.0369
2009-12-25,.
2009-12-28,1.0341
2009-12-29,1.0365
2009-12-30,1.0391
2009-12-31,1.0358
2010-01-01,.
2010-01-04,1.0294
2010-01-05,1.0322
2010-01-06,1.0282
2010-01-07,1.0341
2010-01-08,1.0296
2010-01-11,1.0154
2010-01-12,1.0160
2010-01-13,1.0194
2010-01-14,1.0206
2010-01-15,1.0264
2010-01-18,.
2010-01-19,1.0340
2010-01-20,1.0453
2010-01-21,1.0426
2010-01-22,1.0400
2010-01-25,1.0403
2010-01-26,1.0466
2010-01-27,1.0472
2010-01-28,1.0517
2010-01-29,1.0557
2010-02-01,1.0586
2010-02-02,1.0557
2010-02-03,1.0590
2010-02-04,1.0655
2010-02-05,1.0779
2010-02-08,1.0696
2010-02-09,1.0641
2010-02-10,1.0682
2010-02-11,1.0747
2010-02-12,1.0767
2010-02-15,.
2010-02-16,1.0681
2010-02-17,1.0768
2010-02-18,1.0806
2010-02-19,1.0824
2010-02-22,1.0773
2010-02-23,1.0818
2010-02-24,1.0779
2010-02-25,1.0858
2010-02-26,1.0711
2010-03-01,1.0827
2010-03-02,1.0790
2010-03-03,1.0652
2010-03-04,1.0780
2010-03-05,1.0751
2010-03-08,1.0744
2010-03-09,1.0765
2010-03-10,1.0702
2010-03-11,1.0689
2010-03-12,1.0599
2010-03-15,1.0635
2010-03-16,1.0556
2010-03-17,1.0551
2010-03-18,1.0630
2010-03-19,1.0615
2010-03-22,1.0580
2010-03-23,1.0561
2010-03-24,1.0692
2010-03-25,1.0697
2010-03-26,1.0662
2010-03-29,1.0634
2010-03-30,1.0671
2010-03-31,1.0528
2010-04-01,1.0559
2010-04-02,1.0632
2010-04-05,1.0619
2010-04-06,1.0704
2010-04-07,1.0716
2010-04-08,1.0723
2010-04-09,1.0672
2010-04-12,1.0598
2010-04-13,1.0573
2010-04-14,1.0512
2010-04-15,1.0595
2010-04-16,1.0624
2010-04-19,1.0650
2010-04-20,1.0673
2010-04-21,1.0708
2010-04-22,1.0778
2010-04-23,1.0743
2010-04-26,1.0753
2010-04-27,1.0837
2010-04-28,1.0910
2010-04-29,1.0824
2010-04-30,1.0767
2010-05-03,1.0868
2010-05-04,1.0987
2010-05-05,1.1118
2010-05-06,1.1092
2010-05-07,1.1085
2010-05-10,1.1069
2010-05-11,1.1059
2010-05-12,1.1101
2010-05-13,1.1146
2010-05-14,1.1304
2010-05-17,1.1392
2010-05-18,1.1342
2010-05-19,1.1564
2010-05-20,1.1500
2010-05-21,1.1485
2010-05-24,1.1561
2010-05-25,1.1593
2010-05-26,1.1602
2010-05-27,1.1500
2010-05-28,1.1534
2010-05-31,.
2010-06-01,1.1548
2010-06-02,1.1575
2010-06-03,1.1540
2010-06-04,1.1614
2010-06-07,1.1613
2010-06-08,1.1510
2010-06-09,1.1455
2010-06-10,1.1418
2010-06-11,1.1521
2010-06-14,1.1378
2010-06-15,1.1310
2010-06-16,1.1267
2010-06-17,1.1137
2010-06-18,1.1107
2010-06-21,1.1080
2010-06-22,1.1047
2010-06-23,1.1053
2010-06-24,1.1048
2010-06-25,1.0937
2010-06-28,1.0860
2010-06-29,1.0810
2010-06-30,1.0774
2010-07-01,1.0675
2010-07-02,1.0635
2010-07-05,.
2010-07-06,1.0587
2010-07-07,1.0545
2010-07-08,1.0502
2010-07-09,1.0577
2010-07-12,1.0621
2010-07-13,1.0524
2010-07-14,1.0556
2010-07-15,1.0421
2010-07-16,1.0522
2010-07-19,1.0524
2010-07-20,1.0481
2010-07-21,1.0520
2010-07-22,1.0403
2010-07-23,1.0529
2010-07-26,1.0480
2010-07-27,1.0622
2010-07-28,1.0578
2010-07-29,1.0412
2010-07-30,1.0410
2010-08-02,1.0379
2010-08-03,1.0384
2010-08-04,1.0514
2010-08-05,1.0475
2010-08-06,1.0365
2010-08-09,1.0457
2010-08-10,1.0575
2010-08-11,1.0584
2010-08-12,1.0485
2010-08-13,1.0526
2010-08-16,1.0378
2010-08-17,1.0434
2010-08-18,1.0404
2010-08-19,1.0310
2010-08-20,1.0372
2010-08-23,1.0391
2010-08-24,1.0307
2010-08-25,1.0273
2010-08-26,1.0253
2010-08-27,1.0268
2010-08-30,1.0244
2010-08-31,1.0150
2010-09-01,1.0149
2010-09-02,1.0118
2010-09-03,1.0174
2010-09-06,.
2010-09-07,1.0114
2010-09-08,1.0106
2010-09-09,1.0149
2010-09-10,1.0175
2010-09-13,1.0079
2010-09-14,0.9938
2010-09-15,1.0032
2010-09-16,1.0143
2010-09-17,1.0092
2010-09-20,1.0050
2010-09-21,1.0038
2010-09-22,0.9865
2010-09-23,0.9843
2010-09-24,0.9828
2010-09-27,0.9831
2010-09-28,0.9756
2010-09-29,0.9752
2010-09-30,0.9808
2010-10-01,0.9761
2010-10-04,0.9723
2010-10-05,0.9663
2010-10-06,0.9604
2010-10-07,0.9667
2010-10-08,0.9609
2010-10-11,.
2010-10-12,0.9593
2010-10-13,0.9588
2010-10-14,0.9530
2010-10-15,0.9562
2010-10-18,0.9558
2010-10-19,0.9702
2010-10-20,0.9615
2010-10-21,0.9642
2010-10-22,0.9792
2010-10-25,0.9711
2010-10-26,0.9824
2010-10-27,0.9893
2010-10-28,0.9834
2010-10-29,0.9850
2010-11-01,0.9935
2010-11-02,0.9782
2010-11-03,0.9793
2010-11-04,0.9629
2010-11-05,0.9580
2010-11-08,0.9642
2010-11-09,0.9646
2010-11-10,0.9739
2010-11-11,.
2010-11-12,0.9758
2010-11-15,0.9837
2010-11-16,0.9924
2010-11-17,0.9895
2010-11-18,0.9969
2010-11-19,0.9979
2010-11-22,0.9917
2010-11-23,0.9951
2010-11-24,0.9945
2010-11-25,.
2010-11-26,1.0016
2010-11-29,1.0012
2010-11-30,0.9985
2010-12-01,0.9997
2010-12-02,0.9901
2010-12-03,0.9764
2010-12-06,0.9848
2010-12-07,0.9828
2010-12-08,0.9879
2010-12-09,0.9846
2010-12-10,0.9796
2010-12-13,0.9668
2010-12-14,0.9610
2010-12-15,0.9619
2010-12-16,0.9660
2010-12-17,0.9707
2010-12-20,0.9638
2010-12-21,0.9585
2010-12-22,0.9503
2010-12-23,0.9620
2010-12-24,.
2010-12-27,0.9626
2010-12-28,0.9516
2010-12-29,0.9496
2010-12-30,0.9369
2010-12-31,.
2011-01-03,0.9329
2011-01-04,0.9478
2011-01-05,0.9644
2011-01-06,0.9630
2011-01-07,0.9650
2011-01-10,0.9686
2011-01-11,0.9755
2011-01-12,0.9717
2011-01-13,0.9624
2011-01-14,0.9657
2011-01-17,.
2011-01-18,0.9633
2011-01-19,0.9585
2011-01-20,0.9656
2011-01-21,0.9590
2011-01-24,0.9488
2011-01-25,0.9451
2011-01-26,0.9436
2011-01-27,0.9464
2011-01-28,0.9429
2011-01-31,0.9402
2011-02-01,0.9388
2011-02-02,0.9406
2011-02-03,0.9435
2011-02-04,0.9557
2011-02-07,0.9569
2011-02-08,0.9570
2011-02-09,0.9611
2011-02-10,0.9659
2011-02-11,0.9755
2011-02-14,0.9708
2011-02-15,0.9677
2011-02-16,0.9616
2011-02-17,0.9508
2011-02-18,0.9483
2011-02-21,.
2011-02-22,0.9393
2011-02-23,0.9320
2011-02-24,0.9252
2011-02-25,0.9282
2011-02-28,0.9305
2011-03-01,0.9284
2011-03-02,0.9220
2011-03-03,0.9306
2011-03-04,0.9263
2011-03-07,0.9256
2011-03-08,0.9346
2011-03-09,0.9298
2011-03-10,0.9320
2011-03-11,0.9276
2011-03-14,0.9253
2011-03-15,0.9187
2011-03-16,0.9120
2011-03-17,0.8998
2011-03-18,0.9025
2011-03-21,0.9057
2011-03-22,0.9041
2011-03-23,0.9064
2011-03-24,0.9061
2011-03-25,0.9143
2011-03-28,0.9169
2011-03-29,0.9205
2011-03-30,0.9213
2011-03-31,0.9157
2011-04-01,0.9243
2011-04-04,0.9224
2011-04-05,0.9242
2011-04-06,0.9172
2011-04-07,0.9178
2011-04-08,0.9105
2011-04-11,0.9067
2011-04-12,0.8980
2011-04-13,0.8939
2011-04-14,0.8924
2011-04-15,0.8935
2011-04-18,0.8986
2011-04-19,0.8990
2011-04-20,0.8914
2011-04-21,0.8821
2011-04-22,0.8865
2011-04-25,0.8806
2011-04-26,0.8803
2011-04-27,0.8807
2011-04-28,0.8736
2011-04-29,0.8666
2011-05-02,0.8640
2011-05-03,0.8609
2011-05-04,0.8582
2011-05-05,0.8698
2011-05-06,0.8732
2011-05-09,0.8753
2011-05-10,0.8805
2011-05-11,0.8846
2011-05-12,0.8842
2011-05-13,0.8907
2011-05-16,0.8818
2011-05-17,0.8848
2011-05-18,0.8792
2011-05-19,0.8840
2011-05-20,0.8776
2011-05-23,0.8831
2011-05-24,0.8800
2011-05-25,0.8720
2011-05-26,0.8666
2011-05-27,0.8520
2011-05-30,.
2011-05-31,0.8525
2011-06-01,0.8401
2011-06-02,0.8438
2011-06-03,0.8352
2011-06-06,0.8360
2011-06-07,0.8388
2011-06-08,0.8369
2011-06-09,0.8412
2011-06-10,0.8419
2011-06-13,0.8369
2011-06-14,0.8444
2011-06-15,0.8508
2011-06-16,0.8507
2011-06-17,0.8462
2011-06-20,0.8416
2011-06-21,0.8433
2011-06-22,0.8356
2011-06-23,0.8379
2011-06-24,0.8373
2011-06-27,0.8367
2011-06-28,0.8298
2011-06-29,0.8349
2011-06-30,0.8413
2011-07-01,0.8479
2011-07-04,.
2011-07-05,0.8452
2011-07-06,0.8393
2011-07-07,0.8440
2011-07-08,0.8376
2011-07-11,0.8351
2011-07-12,0.8335
2011-07-13,0.8213
2011-07-14,0.8167
2011-07-15,0.8158
2011-07-18,0.8177
2011-07-19,0.8166
2011-07-20,0.8204
2011-07-21,0.8172
2011-07-22,0.8166
2011-07-25,0.8062
2011-07-26,0.8027
2011-07-27,0.8023
2011-07-28,0.8041
2011-07-29,0.7881
2011-08-01,0.7813
2011-08-02,0.7712
2011-08-03,0.7660
2011-08-04,0.7674
2011-08-05,0.7600
2011-08-08,0.7553
2011-08-09,0.7313
2011-08-10,0.7296
2011-08-11,0.7559
2011-08-12,0.7711
2011-08-15,0.7802
2011-08-16,0.7926
2011-08-17,0.7891
2011-08-18,0.7904
2011-08-19,0.7856
2011-08-22,0.7877
2011-08-23,0.7891
2011-08-24,0.7950
2011-08-25,0.7959
2011-08-26,0.8055
2011-08-29,0.8188
2011-08-30,0.8173
2011-08-31,0.8038
2011-09-01,0.7951
2011-09-02,0.7862
2011-09-05,.
2011-09-06,0.8593
2011-09-07,0.8599
2011-09-08,0.8714
2011-09-09,0.8840
2011-09-12,0.8834
2011-09-13,0.8795
2011-09-14,0.8772
2011-09-15,0.8705
2011-09-16,0.8753
2011-09-19,0.8839
2011-09-20,0.8879
2011-09-21,0.8932
2011-09-22,0.9073
2011-09-23,0.9035
2011-09-26,0.9022
2011-09-27,0.8959
2011-09-28,0.8955
2011-09-29,0.8947
2011-09-30,0.9048
2011-10-03,0.9151
2011-10-04,0.9223
2011-10-05,0.9228
2011-10-06,0.9219
2011-10-07,0.9151
2011-10-10,.
2011-10-11,0.9065
2011-10-12,0.8944
2011-10-13,0.9000
2011-10-14,0.8934
2011-10-17,0.8979
2011-10-18,0.9012
2011-10-19,0.9022
2011-10-20,0.9002
2011-10-21,0.8852
2011-10-24,0.8804
2011-10-25,0.8794
2011-10-26,0.8841
2011-10-27,0.8609
2011-10-28,0.8625
2011-10-31,0.8706
2011-11-01,0.8901
2011-11-02,0.8808
2011-11-03,0.8834
2011-11-04,0.8880
2011-11-07,0.9012
2011-11-08,0.8966
2011-11-09,0.9060
2011-11-10,0.9058
2011-11-11,.
2011-11-14,0.9072
2011-11-15,0.9177
2011-11-16,0.9169
2011-11-17,0.9167
2011-11-18,0.9159
2011-11-21,0.9158
2011-11-22,0.9145
2011-11-23,0.9202
2011-11-24,.
2011-11-25,0.9289
2011-11-28,0.9215
2011-11-29,0.9194
2011-11-30,0.9106
2011-12-01,0.9135
2011-12-02,0.9219
2011-12-05,0.9179
2011-12-06,0.9267
2011-12-07,0.9251
2011-12-08,0.9275
2011-12-09,0.9243
2011-12-12,0.9360
2011-12-13,0.9418
2011-12-14,0.9530
2011-12-15,0.9402
2011-12-16,0.9372
2011-12-19,0.9364
2011-12-20,0.9309
2011-12-21,0.9378
2011-12-22,0.9368
2011-12-23,0.9379
2011-12-26,.
2011-12-27,0.9339
2011-12-28,0.9430
2011-12-29,0.9412
2011-12-30,0.9374
2012-01-02,.
2012-01-03,0.9319
2012-01-04,0.9417
2012-01-05,0.9528
2012-01-06,0.9555
2012-01-09,0.9520
2012-01-10,0.9486
2012-01-11,0.9554
2012-01-12,0.9444
2012-01-13,0.9534
2012-01-16,.
2012-01-17,0.9492
2012-01-18,0.9427
2012-01-19,0.9335
2012-01-20,0.9327
2012-01-23,0.9268
2012-01-24,0.9290
2012-01-25,0.9310
2012-01-26,0.9174
2012-01-27,0.9142
2012-01-30,0.9178
2012-01-31,0.9220
2012-02-01,0.9141
2012-02-02,0.9144
2012-02-03,0.9208
2012-02-06,0.9188
2012-02-07,0.9129
2012-02-08,0.9126
2012-02-09,0.9103
2012-02-10,0.9176
2012-02-13,0.9149
2012-02-14,0.9185
2012-02-15,0.9223
2012-02-16,0.9209
2012-02-17,0.9180
2012-02-20,.
2012-02-21,0.9114
2012-02-22,0.9107
2012-02-23,0.9059
2012-02-24,0.8949
2012-02-27,0.8987
2012-02-28,0.8961
2012-02-29,0.9023
2012-03-01,0.9051
2012-03-02,0.9134
2012-03-05,0.9116
2012-03-06,0.9186
2012-03-07,0.9169
2012-03-08,0.9092
2012-03-09,0.9200
2012-03-12,0.9177
2012-03-13,0.9198
2012-03-14,0.9313
2012-03-15,0.9236
2012-03-16,0.9160
2012-03-19,0.9109
2012-03-20,0.9122
2012-03-21,0.9143
2012-03-22,0.9136
2012-03-23,0.9085
2012-03-26,0.9041
2012-03-27,0.9038
2012-03-28,0.9064
2012-03-29,0.9084
2012-03-30,0.9026
2012-04-02,0.9037
2012-04-03,0.9024
2012-04-04,0.9168
2012-04-05,0.9200
2012-04-06,0.9176
2012-04-09,0.9180
2012-04-10,0.9195
2012-04-11,0.9165
2012-04-12,0.9125
2012-04-13,0.9189
2012-04-16,0.9199
2012-04-17,0.9156
2012-04-18,0.9162
2012-04-19,0.9155
2012-04-20,0.9095
2012-04-23,0.9152
2012-04-24,0.9098
2012-04-25,0.9097
2012-04-26,0.9081
2012-04-27,0.9066
2012-04-30,0.9081
2012-05-01,0.9087
2012-05-02,0.9135
2012-05-03,0.9138
2012-05-04,0.9176
2012-05-07,0.9204
2012-05-08,0.9228
2012-05-09,0.9272
2012-05-10,0.9269
2012-05-11,0.9283
2012-05-14,0.9349
2012-05-15,0.9405
2012-05-16,0.9435
2012-05-17,0.9450
2012-05-18,0.9442
2012-05-21,0.9406
2012-05-22,0.9431
2012-05-23,0.9555
2012-05-24,0.9558
2012-05-25,0.9592
2012-05-28,.
2012-05-29,0.9617
2012-05-30,0.9682
2012-05-31,0.9713
2012-06-01,0.9671
2012-06-04,0.9610
2012-06-05,0.9656
2012-06-06,0.9579
2012-06-07,0.9558
2012-06-08,0.9620
2012-06-11,0.9604
2012-06-12,0.9624
2012-06-13,0.9533
2012-06-14,0.9525
2012-06-15,0.9506
2012-06-18,0.9547
2012-06-19,0.9461
2012-06-20,0.9453
2012-06-21,0.9542
2012-06-22,0.9572
2012-06-25,0.9621
2012-06-26,0.9630
2012-06-27,0.9642
2012-06-28,0.9661
2012-06-29,0.9485
2012-07-02,0.9544
2012-07-03,0.9517
2012-07-04,.
2012-07-05,0.9698
2012-07-06,0.9777
2012-07-09,0.9764
2012-07-10,0.9798
2012-07-11,0.9808
2012-07-12,0.9843
2012-07-13,0.9817
2012-07-16,0.9791
2012-07-17,0.9818
2012-07-18,0.9795
2012-07-19,0.9798
2012-07-20,0.9863
2012-07-23,0.9904
2012-07-24,0.9957
2012-07-25,0.9899
2012-07-26,0.9780
2012-07-27,0.9709
2012-07-30,0.9804
2012-07-31,0.9753
2012-08-01,0.9767
2012-08-02,0.9886
2012-08-03,0.9697
2012-08-06,0.9669
2012-08-07,0.9672
2012-08-08,0.9714
2012-08-09,0.9781
2012-08-10,0.9764
2012-08-13,0.9733
2012-08-14,0.9742
2012-08-15,0.9774
2012-08-16,0.9719
2012-08-17,0.9752
2012-08-20,0.9730
2012-08-21,0.9630
2012-08-22,0.9628
2012-08-23,0.9542
2012-08-24,0.9581
2012-08-27,0.9597
2012-08-28,0.9558
2012-08-29,0.9578
2012-08-30,0.9608
2012-08-31,0.9546
2012-09-03,.
2012-09-04,0.9558
2012-09-05,0.9548
2012-09-06,0.9539
2012-09-07,0.9452
2012-09-10,0.9438
2012-09-11,0.9387
2012-09-12,0.9376
2012-09-13,0.9395
2012-09-14,0.9250
2012-09-17,0.9266
2012-09-18,0.9288
2012-09-19,0.9266
2012-09-20,0.9336
2012-09-21,0.9327
2012-09-24,0.9371
2012-09-25,0.9348
2012-09-26,0.9401
2012-09-27,0.9388
2012-09-28,0.9400
2012-10-01,0.9376
2012-10-02,0.9342
2012-10-03,0.9382
2012-10-04,0.9316
2012-10-05,0.9284
2012-10-08,.
2012-10-09,0.9400
2012-10-10,0.9392
2012-10-11,0.9353
2012-10-12,0.9334
2012-10-15,0.9330
2012-10-16,0.9273
2012-10-17,0.9217
2012-10-18,0.9225
2012-10-19,0.9286
2012-10-22,0.9263
2012-10-23,0.9328
2012-10-24,0.9342
2012-10-25,0.9336
2012-10-26,0.9348
2012-10-29,0.9366
2012-10-30,0.9309
2012-10-31,0.9311
2012-11-01,0.9326
2012-11-02,0.9396
2012-11-05,0.9434
2012-11-06,0.9424
2012-11-07,0.9454
2012-11-08,0.9462
2012-11-09,0.9483
2012-11-12,.
2012-11-13,0.9470
2012-11-14,0.9450
2012-11-15,0.9418
2012-11-16,0.9472
2012-11-19,0.9404
2012-11-20,0.9403
2012-11-21,0.9394
2012-11-22,.
2012-11-23,0.9296
2012-11-26,0.9284
2012-11-27,0.9310
2012-11-28,0.9313
2012-11-29,0.9293
2012-11-30,0.9264
2012-12-03,0.9250
2012-12-04,0.9272
2012-12-05,0.9262
2012-12-06,0.9330
2012-12-07,0.9333
2012-12-10,0.9330
2012-12-11,0.9333
2012-12-12,0.9286
2012-12-13,0.9243
2012-12-14,0.9196
2012-12-17,0.9174
2012-12-18,0.9130
2012-12-19,0.9115
2012-12-20,0.9130
2012-12-21,0.9172
2012-12-24,0.9161
2012-12-25,.
2012-12-26,0.9128
2012-12-27,0.9138
2012-12-28,0.9130
2012-12-31,0.9155
